insert into Cargos (id_cargo, nombre_cargo, descripcion_cargo) values (1, 'velit nec', 'velit vivamus');
insert into Cargos (id_cargo, nombre_cargo, descripcion_cargo) values (2, 'luctus nec', 'nulla integer');
insert into Cargos (id_cargo, nombre_cargo, descripcion_cargo) values (3, 'adipiscing', 'elementum');
insert into Cargos (id_cargo, nombre_cargo, descripcion_cargo) values (4, 'facilisi', 'nunc viverra');
insert into Cargos (id_cargo, nombre_cargo, descripcion_cargo) values (5, 'ut suscipit', 'ultrices');
insert into Cargos (id_cargo, nombre_cargo, descripcion_cargo) values (6, 'volutpat erat', 'id');
insert into Cargos (id_cargo, nombre_cargo, descripcion_cargo) values (7, 'pharetra magna', 'hac habitasse');
insert into Cargos (id_cargo, nombre_cargo, descripcion_cargo) values (8, 'tristique', 'fusce');
insert into Cargos (id_cargo, nombre_cargo, descripcion_cargo) values (9, 'nulla tempus', 'auctor gravida');
insert into Cargos (id_cargo, nombre_cargo, descripcion_cargo) values (10, 'nisi volutpat', 'consequat nulla');
insert into Cargos (id_cargo, nombre_cargo, descripcion_cargo) values (11, 'duis bibendum', 'erat nulla');
insert into Cargos (id_cargo, nombre_cargo, descripcion_cargo) values (12, 'iaculis congue', 'orci');
insert into Cargos (id_cargo, nombre_cargo, descripcion_cargo) values (13, 'tempor convallis', 'lectus');
insert into Cargos (id_cargo, nombre_cargo, descripcion_cargo) values (14, 'mi', 'primis');
insert into Cargos (id_cargo, nombre_cargo, descripcion_cargo) values (15, 'proin', 'in');
insert into Cargos (id_cargo, nombre_cargo, descripcion_cargo) values (16, 'morbi quis', 'consectetuer');
insert into Cargos (id_cargo, nombre_cargo, descripcion_cargo) values (17, 'potenti', 'ut');
insert into Cargos (id_cargo, nombre_cargo, descripcion_cargo) values (18, 'mi in', 'ultrices posuere');
insert into Cargos (id_cargo, nombre_cargo, descripcion_cargo) values (19, 'at', 'ut massa');
insert into Cargos (id_cargo, nombre_cargo, descripcion_cargo) values (20, 'ultrices', 'molestie sed');
insert into Cargos (id_cargo, nombre_cargo, descripcion_cargo) values (21, 'nisi vulputate', 'ultrices');
insert into Cargos (id_cargo, nombre_cargo, descripcion_cargo) values (22, 'eu mi', 'in imperdiet');
insert into Cargos (id_cargo, nombre_cargo, descripcion_cargo) values (23, 'vestibulum sagittis', 'nec');
insert into Cargos (id_cargo, nombre_cargo, descripcion_cargo) values (24, 'quisque', 'ligula sit');
insert into Cargos (id_cargo, nombre_cargo, descripcion_cargo) values (25, 'tincidunt', 'aliquam augue');
insert into Cargos (id_cargo, nombre_cargo, descripcion_cargo) values (26, 'sed vel', 'rhoncus aliquet');
insert into Cargos (id_cargo, nombre_cargo, descripcion_cargo) values (27, 'at', 'metus');
insert into Cargos (id_cargo, nombre_cargo, descripcion_cargo) values (28, 'elementum', 'phasellus');
insert into Cargos (id_cargo, nombre_cargo, descripcion_cargo) values (29, 'eros elementum', 'tortor quis');
insert into Cargos (id_cargo, nombre_cargo, descripcion_cargo) values (30, 'viverra diam', 'leo maecenas');
insert into Cargos (id_cargo, nombre_cargo, descripcion_cargo) values (31, 'in', 'posuere');
insert into Cargos (id_cargo, nombre_cargo, descripcion_cargo) values (32, 'sodales scelerisque', 'porttitor id');
insert into Cargos (id_cargo, nombre_cargo, descripcion_cargo) values (33, 'natoque', 'nulla');
insert into Cargos (id_cargo, nombre_cargo, descripcion_cargo) values (34, 'feugiat et', 'lectus');
insert into Cargos (id_cargo, nombre_cargo, descripcion_cargo) values (35, 'orci', 'potenti');
insert into Cargos (id_cargo, nombre_cargo, descripcion_cargo) values (36, 'enim', 'nulla');
insert into Cargos (id_cargo, nombre_cargo, descripcion_cargo) values (37, 'eget', 'id mauris');
insert into Cargos (id_cargo, nombre_cargo, descripcion_cargo) values (38, 'sapien', 'pulvinar');
insert into Cargos (id_cargo, nombre_cargo, descripcion_cargo) values (39, 'aliquet', 'maecenas tincidunt');
insert into Cargos (id_cargo, nombre_cargo, descripcion_cargo) values (40, 'sapien dignissim', 'lectus in');
insert into Cargos (id_cargo, nombre_cargo, descripcion_cargo) values (41, 'fringilla rhoncus', 'nulla');
insert into Cargos (id_cargo, nombre_cargo, descripcion_cargo) values (42, 'ac nulla', 'posuere nonummy');
insert into Cargos (id_cargo, nombre_cargo, descripcion_cargo) values (43, 'consequat', 'augue');
insert into Cargos (id_cargo, nombre_cargo, descripcion_cargo) values (44, 'sit', 'massa');
insert into Cargos (id_cargo, nombre_cargo, descripcion_cargo) values (45, 'eget', 'sollicitudin');
insert into Cargos (id_cargo, nombre_cargo, descripcion_cargo) values (46, 'sociis natoque', 'montes nascetur');
insert into Cargos (id_cargo, nombre_cargo, descripcion_cargo) values (47, 'integer tincidunt', 'pede lobortis');
insert into Cargos (id_cargo, nombre_cargo, descripcion_cargo) values (48, 'viverra eget', 'fermentum justo');
insert into Cargos (id_cargo, nombre_cargo, descripcion_cargo) values (49, 'cras', 'consectetuer');
insert into Cargos (id_cargo, nombre_cargo, descripcion_cargo) values (50, 'suscipit nulla', 'mi');
insert into Cargos (id_cargo, nombre_cargo, descripcion_cargo) values (51, 'fusce', 'odio');
insert into Cargos (id_cargo, nombre_cargo, descripcion_cargo) values (52, 'purus', 'nulla');
insert into Cargos (id_cargo, nombre_cargo, descripcion_cargo) values (53, 'nullam', 'in');
insert into Cargos (id_cargo, nombre_cargo, descripcion_cargo) values (54, 'adipiscing', 'erat');
insert into Cargos (id_cargo, nombre_cargo, descripcion_cargo) values (55, 'leo rhoncus', 'quis orci');
insert into Cargos (id_cargo, nombre_cargo, descripcion_cargo) values (56, 'consequat', 'nunc');
insert into Cargos (id_cargo, nombre_cargo, descripcion_cargo) values (57, 'pellentesque eget', 'ullamcorper');
insert into Cargos (id_cargo, nombre_cargo, descripcion_cargo) values (58, 'quis odio', 'accumsan');
insert into Cargos (id_cargo, nombre_cargo, descripcion_cargo) values (59, 'vitae', 'morbi');
insert into Cargos (id_cargo, nombre_cargo, descripcion_cargo) values (60, 'eu massa', 'massa id');
insert into Cargos (id_cargo, nombre_cargo, descripcion_cargo) values (61, 'etiam', 'luctus');
insert into Cargos (id_cargo, nombre_cargo, descripcion_cargo) values (62, 'aenean', 'vestibulum');
insert into Cargos (id_cargo, nombre_cargo, descripcion_cargo) values (63, 'in hac', 'magna');
insert into Cargos (id_cargo, nombre_cargo, descripcion_cargo) values (64, 'lorem', 'nec dui');
insert into Cargos (id_cargo, nombre_cargo, descripcion_cargo) values (65, 'leo', 'elit sodales');
insert into Cargos (id_cargo, nombre_cargo, descripcion_cargo) values (66, 'posuere cubilia', 'dui');
insert into Cargos (id_cargo, nombre_cargo, descripcion_cargo) values (67, 'blandit', 'vel');
insert into Cargos (id_cargo, nombre_cargo, descripcion_cargo) values (68, 'vel lectus', 'sapien');
insert into Cargos (id_cargo, nombre_cargo, descripcion_cargo) values (69, 'in purus', 'rutrum');
insert into Cargos (id_cargo, nombre_cargo, descripcion_cargo) values (70, 'dapibus', 'sed');
insert into Cargos (id_cargo, nombre_cargo, descripcion_cargo) values (71, 'elit ac', 'tellus semper');
insert into Cargos (id_cargo, nombre_cargo, descripcion_cargo) values (72, 'nibh', 'praesent');
insert into Cargos (id_cargo, nombre_cargo, descripcion_cargo) values (73, 'eu', 'lobortis ligula');
insert into Cargos (id_cargo, nombre_cargo, descripcion_cargo) values (74, 'sagittis nam', 'nonummy integer');
insert into Cargos (id_cargo, nombre_cargo, descripcion_cargo) values (75, 'vulputate', 'vitae nisi');
insert into Cargos (id_cargo, nombre_cargo, descripcion_cargo) values (76, 'aliquam non', 'in hac');
insert into Cargos (id_cargo, nombre_cargo, descripcion_cargo) values (77, 'justo', 'risus praesent');
insert into Cargos (id_cargo, nombre_cargo, descripcion_cargo) values (78, 'congue', 'suspendisse ornare');
insert into Cargos (id_cargo, nombre_cargo, descripcion_cargo) values (79, 'gravida nisi', 'rutrum');
insert into Cargos (id_cargo, nombre_cargo, descripcion_cargo) values (80, 'in sagittis', 'rhoncus');
insert into Cargos (id_cargo, nombre_cargo, descripcion_cargo) values (81, 'sapien', 'quis');
insert into Cargos (id_cargo, nombre_cargo, descripcion_cargo) values (82, 'ut blandit', 'lectus');
insert into Cargos (id_cargo, nombre_cargo, descripcion_cargo) values (83, 'et ultrices', 'varius integer');
insert into Cargos (id_cargo, nombre_cargo, descripcion_cargo) values (84, 'ut', 'cras non');
insert into Cargos (id_cargo, nombre_cargo, descripcion_cargo) values (85, 'morbi vestibulum', 'eros');
insert into Cargos (id_cargo, nombre_cargo, descripcion_cargo) values (86, 'sit', 'commodo');
insert into Cargos (id_cargo, nombre_cargo, descripcion_cargo) values (87, 'mauris', 'curae');
insert into Cargos (id_cargo, nombre_cargo, descripcion_cargo) values (88, 'nulla justo', 'amet');
insert into Cargos (id_cargo, nombre_cargo, descripcion_cargo) values (89, 'eget', 'elementum eu');
insert into Cargos (id_cargo, nombre_cargo, descripcion_cargo) values (90, 'velit', 'turpis');
insert into Cargos (id_cargo, nombre_cargo, descripcion_cargo) values (91, 'tristique fusce', 'libero quis');
insert into Cargos (id_cargo, nombre_cargo, descripcion_cargo) values (92, 'nibh', 'tristique');
insert into Cargos (id_cargo, nombre_cargo, descripcion_cargo) values (93, 'in', 'interdum eu');
insert into Cargos (id_cargo, nombre_cargo, descripcion_cargo) values (94, 'amet nulla', 'quisque id');
insert into Cargos (id_cargo, nombre_cargo, descripcion_cargo) values (95, 'eget', 'vitae');
insert into Cargos (id_cargo, nombre_cargo, descripcion_cargo) values (96, 'quam nec', 'faucibus');
insert into Cargos (id_cargo, nombre_cargo, descripcion_cargo) values (97, 'orci', 'tempor');
insert into Cargos (id_cargo, nombre_cargo, descripcion_cargo) values (98, 'convallis nunc', 'vestibulum sed');
insert into Cargos (id_cargo, nombre_cargo, descripcion_cargo) values (99, 'proin', 'porttitor');
insert into Cargos (id_cargo, nombre_cargo, descripcion_cargo) values (100, 'mattis', 'nulla ac');

insert into Ubicaciones (id_ubicacion, nombre_ubicacion, id_padre) values (1, 1, 1);
insert into Ubicaciones (id_ubicacion, nombre_ubicacion, id_padre) values (2, 2, 2);
insert into Ubicaciones (id_ubicacion, nombre_ubicacion, id_padre) values (3, 3, 3);
insert into Ubicaciones (id_ubicacion, nombre_ubicacion, id_padre) values (4, 4, 4);
insert into Ubicaciones (id_ubicacion, nombre_ubicacion, id_padre) values (5, 5, 5);
insert into Ubicaciones (id_ubicacion, nombre_ubicacion, id_padre) values (6, 6, 6);
insert into Ubicaciones (id_ubicacion, nombre_ubicacion, id_padre) values (7, 7, 7);
insert into Ubicaciones (id_ubicacion, nombre_ubicacion, id_padre) values (8, 8, 8);
insert into Ubicaciones (id_ubicacion, nombre_ubicacion, id_padre) values (9, 9, 9);
insert into Ubicaciones (id_ubicacion, nombre_ubicacion, id_padre) values (10, 10, 10);
insert into Ubicaciones (id_ubicacion, nombre_ubicacion, id_padre) values (11, 11, 11);
insert into Ubicaciones (id_ubicacion, nombre_ubicacion, id_padre) values (12, 12, 12);
insert into Ubicaciones (id_ubicacion, nombre_ubicacion, id_padre) values (13, 13, 13);
insert into Ubicaciones (id_ubicacion, nombre_ubicacion, id_padre) values (14, 14, 14);
insert into Ubicaciones (id_ubicacion, nombre_ubicacion, id_padre) values (15, 15, 15);
insert into Ubicaciones (id_ubicacion, nombre_ubicacion, id_padre) values (16, 16, 16);
insert into Ubicaciones (id_ubicacion, nombre_ubicacion, id_padre) values (17, 17, 17);
insert into Ubicaciones (id_ubicacion, nombre_ubicacion, id_padre) values (18, 18, 18);
insert into Ubicaciones (id_ubicacion, nombre_ubicacion, id_padre) values (19, 19, 19);
insert into Ubicaciones (id_ubicacion, nombre_ubicacion, id_padre) values (20, 20, 20);
insert into Ubicaciones (id_ubicacion, nombre_ubicacion, id_padre) values (21, 21, 21);
insert into Ubicaciones (id_ubicacion, nombre_ubicacion, id_padre) values (22, 22, 22);
insert into Ubicaciones (id_ubicacion, nombre_ubicacion, id_padre) values (23, 23, 23);
insert into Ubicaciones (id_ubicacion, nombre_ubicacion, id_padre) values (24, 24, 24);
insert into Ubicaciones (id_ubicacion, nombre_ubicacion, id_padre) values (25, 25, 25);
insert into Ubicaciones (id_ubicacion, nombre_ubicacion, id_padre) values (26, 26, 26);
insert into Ubicaciones (id_ubicacion, nombre_ubicacion, id_padre) values (27, 27, 27);
insert into Ubicaciones (id_ubicacion, nombre_ubicacion, id_padre) values (28, 28, 28);
insert into Ubicaciones (id_ubicacion, nombre_ubicacion, id_padre) values (29, 29, 29);
insert into Ubicaciones (id_ubicacion, nombre_ubicacion, id_padre) values (30, 30, 30);
insert into Ubicaciones (id_ubicacion, nombre_ubicacion, id_padre) values (31, 31, 31);
insert into Ubicaciones (id_ubicacion, nombre_ubicacion, id_padre) values (32, 32, 32);
insert into Ubicaciones (id_ubicacion, nombre_ubicacion, id_padre) values (33, 33, 33);
insert into Ubicaciones (id_ubicacion, nombre_ubicacion, id_padre) values (34, 34, 34);
insert into Ubicaciones (id_ubicacion, nombre_ubicacion, id_padre) values (35, 35, 35);
insert into Ubicaciones (id_ubicacion, nombre_ubicacion, id_padre) values (36, 36, 36);
insert into Ubicaciones (id_ubicacion, nombre_ubicacion, id_padre) values (37, 37, 37);
insert into Ubicaciones (id_ubicacion, nombre_ubicacion, id_padre) values (38, 38, 38);
insert into Ubicaciones (id_ubicacion, nombre_ubicacion, id_padre) values (39, 39, 39);
insert into Ubicaciones (id_ubicacion, nombre_ubicacion, id_padre) values (40, 40, 40);
insert into Ubicaciones (id_ubicacion, nombre_ubicacion, id_padre) values (41, 41, 41);
insert into Ubicaciones (id_ubicacion, nombre_ubicacion, id_padre) values (42, 42, 42);
insert into Ubicaciones (id_ubicacion, nombre_ubicacion, id_padre) values (43, 43, 43);
insert into Ubicaciones (id_ubicacion, nombre_ubicacion, id_padre) values (44, 44, 44);
insert into Ubicaciones (id_ubicacion, nombre_ubicacion, id_padre) values (45, 45, 45);
insert into Ubicaciones (id_ubicacion, nombre_ubicacion, id_padre) values (46, 46, 46);
insert into Ubicaciones (id_ubicacion, nombre_ubicacion, id_padre) values (47, 47, 47);
insert into Ubicaciones (id_ubicacion, nombre_ubicacion, id_padre) values (48, 48, 48);
insert into Ubicaciones (id_ubicacion, nombre_ubicacion, id_padre) values (49, 49, 49);
insert into Ubicaciones (id_ubicacion, nombre_ubicacion, id_padre) values (50, 50, 50);
insert into Ubicaciones (id_ubicacion, nombre_ubicacion, id_padre) values (51, 51, 51);
insert into Ubicaciones (id_ubicacion, nombre_ubicacion, id_padre) values (52, 52, 52);
insert into Ubicaciones (id_ubicacion, nombre_ubicacion, id_padre) values (53, 53, 53);
insert into Ubicaciones (id_ubicacion, nombre_ubicacion, id_padre) values (54, 54, 54);
insert into Ubicaciones (id_ubicacion, nombre_ubicacion, id_padre) values (55, 55, 55);
insert into Ubicaciones (id_ubicacion, nombre_ubicacion, id_padre) values (56, 56, 56);
insert into Ubicaciones (id_ubicacion, nombre_ubicacion, id_padre) values (57, 57, 57);
insert into Ubicaciones (id_ubicacion, nombre_ubicacion, id_padre) values (58, 58, 58);
insert into Ubicaciones (id_ubicacion, nombre_ubicacion, id_padre) values (59, 59, 59);
insert into Ubicaciones (id_ubicacion, nombre_ubicacion, id_padre) values (60, 60, 60);
insert into Ubicaciones (id_ubicacion, nombre_ubicacion, id_padre) values (61, 61, 61);
insert into Ubicaciones (id_ubicacion, nombre_ubicacion, id_padre) values (62, 62, 62);
insert into Ubicaciones (id_ubicacion, nombre_ubicacion, id_padre) values (63, 63, 63);
insert into Ubicaciones (id_ubicacion, nombre_ubicacion, id_padre) values (64, 64, 64);
insert into Ubicaciones (id_ubicacion, nombre_ubicacion, id_padre) values (65, 65, 65);
insert into Ubicaciones (id_ubicacion, nombre_ubicacion, id_padre) values (66, 66, 66);
insert into Ubicaciones (id_ubicacion, nombre_ubicacion, id_padre) values (67, 67, 67);
insert into Ubicaciones (id_ubicacion, nombre_ubicacion, id_padre) values (68, 68, 68);
insert into Ubicaciones (id_ubicacion, nombre_ubicacion, id_padre) values (69, 69, 69);
insert into Ubicaciones (id_ubicacion, nombre_ubicacion, id_padre) values (70, 70, 70);
insert into Ubicaciones (id_ubicacion, nombre_ubicacion, id_padre) values (71, 71, 71);
insert into Ubicaciones (id_ubicacion, nombre_ubicacion, id_padre) values (72, 72, 72);
insert into Ubicaciones (id_ubicacion, nombre_ubicacion, id_padre) values (73, 73, 73);
insert into Ubicaciones (id_ubicacion, nombre_ubicacion, id_padre) values (74, 74, 74);
insert into Ubicaciones (id_ubicacion, nombre_ubicacion, id_padre) values (75, 75, 75);
insert into Ubicaciones (id_ubicacion, nombre_ubicacion, id_padre) values (76, 76, 76);
insert into Ubicaciones (id_ubicacion, nombre_ubicacion, id_padre) values (77, 77, 77);
insert into Ubicaciones (id_ubicacion, nombre_ubicacion, id_padre) values (78, 78, 78);
insert into Ubicaciones (id_ubicacion, nombre_ubicacion, id_padre) values (79, 79, 79);
insert into Ubicaciones (id_ubicacion, nombre_ubicacion, id_padre) values (80, 80, 80);
insert into Ubicaciones (id_ubicacion, nombre_ubicacion, id_padre) values (81, 81, 81);
insert into Ubicaciones (id_ubicacion, nombre_ubicacion, id_padre) values (82, 82, 82);
insert into Ubicaciones (id_ubicacion, nombre_ubicacion, id_padre) values (83, 83, 83);
insert into Ubicaciones (id_ubicacion, nombre_ubicacion, id_padre) values (84, 84, 84);
insert into Ubicaciones (id_ubicacion, nombre_ubicacion, id_padre) values (85, 85, 85);
insert into Ubicaciones (id_ubicacion, nombre_ubicacion, id_padre) values (86, 86, 86);
insert into Ubicaciones (id_ubicacion, nombre_ubicacion, id_padre) values (87, 87, 87);
insert into Ubicaciones (id_ubicacion, nombre_ubicacion, id_padre) values (88, 88, 88);
insert into Ubicaciones (id_ubicacion, nombre_ubicacion, id_padre) values (89, 89, 89);
insert into Ubicaciones (id_ubicacion, nombre_ubicacion, id_padre) values (90, 90, 90);
insert into Ubicaciones (id_ubicacion, nombre_ubicacion, id_padre) values (91, 91, 91);
insert into Ubicaciones (id_ubicacion, nombre_ubicacion, id_padre) values (92, 92, 92);
insert into Ubicaciones (id_ubicacion, nombre_ubicacion, id_padre) values (93, 93, 93);
insert into Ubicaciones (id_ubicacion, nombre_ubicacion, id_padre) values (94, 94, 94);
insert into Ubicaciones (id_ubicacion, nombre_ubicacion, id_padre) values (95, 95, 95);
insert into Ubicaciones (id_ubicacion, nombre_ubicacion, id_padre) values (96, 96, 96);
insert into Ubicaciones (id_ubicacion, nombre_ubicacion, id_padre) values (97, 97, 97);
insert into Ubicaciones (id_ubicacion, nombre_ubicacion, id_padre) values (98, 98, 98);
insert into Ubicaciones (id_ubicacion, nombre_ubicacion, id_padre) values (99, 99, 99);
insert into Ubicaciones (id_ubicacion, nombre_ubicacion, id_padre) values (100, 100, 100);

insert into Cines (id_cine, nombre_cine, id_ubicacion) values (1, 1, 1);
insert into Cines (id_cine, nombre_cine, id_ubicacion) values (2, 2, 2);
insert into Cines (id_cine, nombre_cine, id_ubicacion) values (3, 3, 3);
insert into Cines (id_cine, nombre_cine, id_ubicacion) values (4, 4, 4);
insert into Cines (id_cine, nombre_cine, id_ubicacion) values (5, 5, 5);
insert into Cines (id_cine, nombre_cine, id_ubicacion) values (6, 6, 6);
insert into Cines (id_cine, nombre_cine, id_ubicacion) values (7, 7, 7);
insert into Cines (id_cine, nombre_cine, id_ubicacion) values (8, 8, 8);
insert into Cines (id_cine, nombre_cine, id_ubicacion) values (9, 9, 9);
insert into Cines (id_cine, nombre_cine, id_ubicacion) values (10, 10, 10);
insert into Cines (id_cine, nombre_cine, id_ubicacion) values (11, 11, 11);
insert into Cines (id_cine, nombre_cine, id_ubicacion) values (12, 12, 12);
insert into Cines (id_cine, nombre_cine, id_ubicacion) values (13, 13, 13);
insert into Cines (id_cine, nombre_cine, id_ubicacion) values (14, 14, 14);
insert into Cines (id_cine, nombre_cine, id_ubicacion) values (15, 15, 15);
insert into Cines (id_cine, nombre_cine, id_ubicacion) values (16, 16, 16);
insert into Cines (id_cine, nombre_cine, id_ubicacion) values (17, 17, 17);
insert into Cines (id_cine, nombre_cine, id_ubicacion) values (18, 18, 18);
insert into Cines (id_cine, nombre_cine, id_ubicacion) values (19, 19, 19);
insert into Cines (id_cine, nombre_cine, id_ubicacion) values (20, 20, 20);
insert into Cines (id_cine, nombre_cine, id_ubicacion) values (21, 21, 21);
insert into Cines (id_cine, nombre_cine, id_ubicacion) values (22, 22, 22);
insert into Cines (id_cine, nombre_cine, id_ubicacion) values (23, 23, 23);
insert into Cines (id_cine, nombre_cine, id_ubicacion) values (24, 24, 24);
insert into Cines (id_cine, nombre_cine, id_ubicacion) values (25, 25, 25);
insert into Cines (id_cine, nombre_cine, id_ubicacion) values (26, 26, 26);
insert into Cines (id_cine, nombre_cine, id_ubicacion) values (27, 27, 27);
insert into Cines (id_cine, nombre_cine, id_ubicacion) values (28, 28, 28);
insert into Cines (id_cine, nombre_cine, id_ubicacion) values (29, 29, 29);
insert into Cines (id_cine, nombre_cine, id_ubicacion) values (30, 30, 30);
insert into Cines (id_cine, nombre_cine, id_ubicacion) values (31, 31, 31);
insert into Cines (id_cine, nombre_cine, id_ubicacion) values (32, 32, 32);
insert into Cines (id_cine, nombre_cine, id_ubicacion) values (33, 33, 33);
insert into Cines (id_cine, nombre_cine, id_ubicacion) values (34, 34, 34);
insert into Cines (id_cine, nombre_cine, id_ubicacion) values (35, 35, 35);
insert into Cines (id_cine, nombre_cine, id_ubicacion) values (36, 36, 36);
insert into Cines (id_cine, nombre_cine, id_ubicacion) values (37, 37, 37);
insert into Cines (id_cine, nombre_cine, id_ubicacion) values (38, 38, 38);
insert into Cines (id_cine, nombre_cine, id_ubicacion) values (39, 39, 39);
insert into Cines (id_cine, nombre_cine, id_ubicacion) values (40, 40, 40);
insert into Cines (id_cine, nombre_cine, id_ubicacion) values (41, 41, 41);
insert into Cines (id_cine, nombre_cine, id_ubicacion) values (42, 42, 42);
insert into Cines (id_cine, nombre_cine, id_ubicacion) values (43, 43, 43);
insert into Cines (id_cine, nombre_cine, id_ubicacion) values (44, 44, 44);
insert into Cines (id_cine, nombre_cine, id_ubicacion) values (45, 45, 45);
insert into Cines (id_cine, nombre_cine, id_ubicacion) values (46, 46, 46);
insert into Cines (id_cine, nombre_cine, id_ubicacion) values (47, 47, 47);
insert into Cines (id_cine, nombre_cine, id_ubicacion) values (48, 48, 48);
insert into Cines (id_cine, nombre_cine, id_ubicacion) values (49, 49, 49);
insert into Cines (id_cine, nombre_cine, id_ubicacion) values (50, 50, 50);
insert into Cines (id_cine, nombre_cine, id_ubicacion) values (51, 51, 51);
insert into Cines (id_cine, nombre_cine, id_ubicacion) values (52, 52, 52);
insert into Cines (id_cine, nombre_cine, id_ubicacion) values (53, 53, 53);
insert into Cines (id_cine, nombre_cine, id_ubicacion) values (54, 54, 54);
insert into Cines (id_cine, nombre_cine, id_ubicacion) values (55, 55, 55);
insert into Cines (id_cine, nombre_cine, id_ubicacion) values (56, 56, 56);
insert into Cines (id_cine, nombre_cine, id_ubicacion) values (57, 57, 57);
insert into Cines (id_cine, nombre_cine, id_ubicacion) values (58, 58, 58);
insert into Cines (id_cine, nombre_cine, id_ubicacion) values (59, 59, 59);
insert into Cines (id_cine, nombre_cine, id_ubicacion) values (60, 60, 60);
insert into Cines (id_cine, nombre_cine, id_ubicacion) values (61, 61, 61);
insert into Cines (id_cine, nombre_cine, id_ubicacion) values (62, 62, 62);
insert into Cines (id_cine, nombre_cine, id_ubicacion) values (63, 63, 63);
insert into Cines (id_cine, nombre_cine, id_ubicacion) values (64, 64, 64);
insert into Cines (id_cine, nombre_cine, id_ubicacion) values (65, 65, 65);
insert into Cines (id_cine, nombre_cine, id_ubicacion) values (66, 66, 66);
insert into Cines (id_cine, nombre_cine, id_ubicacion) values (67, 67, 67);
insert into Cines (id_cine, nombre_cine, id_ubicacion) values (68, 68, 68);
insert into Cines (id_cine, nombre_cine, id_ubicacion) values (69, 69, 69);
insert into Cines (id_cine, nombre_cine, id_ubicacion) values (70, 70, 70);
insert into Cines (id_cine, nombre_cine, id_ubicacion) values (71, 71, 71);
insert into Cines (id_cine, nombre_cine, id_ubicacion) values (72, 72, 72);
insert into Cines (id_cine, nombre_cine, id_ubicacion) values (73, 73, 73);
insert into Cines (id_cine, nombre_cine, id_ubicacion) values (74, 74, 74);
insert into Cines (id_cine, nombre_cine, id_ubicacion) values (75, 75, 75);
insert into Cines (id_cine, nombre_cine, id_ubicacion) values (76, 76, 76);
insert into Cines (id_cine, nombre_cine, id_ubicacion) values (77, 77, 77);
insert into Cines (id_cine, nombre_cine, id_ubicacion) values (78, 78, 78);
insert into Cines (id_cine, nombre_cine, id_ubicacion) values (79, 79, 79);
insert into Cines (id_cine, nombre_cine, id_ubicacion) values (80, 80, 80);
insert into Cines (id_cine, nombre_cine, id_ubicacion) values (81, 81, 81);
insert into Cines (id_cine, nombre_cine, id_ubicacion) values (82, 82, 82);
insert into Cines (id_cine, nombre_cine, id_ubicacion) values (83, 83, 83);
insert into Cines (id_cine, nombre_cine, id_ubicacion) values (84, 84, 84);
insert into Cines (id_cine, nombre_cine, id_ubicacion) values (85, 85, 85);
insert into Cines (id_cine, nombre_cine, id_ubicacion) values (86, 86, 86);
insert into Cines (id_cine, nombre_cine, id_ubicacion) values (87, 87, 87);
insert into Cines (id_cine, nombre_cine, id_ubicacion) values (88, 88, 88);
insert into Cines (id_cine, nombre_cine, id_ubicacion) values (89, 89, 89);
insert into Cines (id_cine, nombre_cine, id_ubicacion) values (90, 90, 90);
insert into Cines (id_cine, nombre_cine, id_ubicacion) values (91, 91, 91);
insert into Cines (id_cine, nombre_cine, id_ubicacion) values (92, 92, 92);
insert into Cines (id_cine, nombre_cine, id_ubicacion) values (93, 93, 93);
insert into Cines (id_cine, nombre_cine, id_ubicacion) values (94, 94, 94);
insert into Cines (id_cine, nombre_cine, id_ubicacion) values (95, 95, 95);
insert into Cines (id_cine, nombre_cine, id_ubicacion) values (96, 96, 96);
insert into Cines (id_cine, nombre_cine, id_ubicacion) values (97, 97, 97);
insert into Cines (id_cine, nombre_cine, id_ubicacion) values (98, 98, 98);
insert into Cines (id_cine, nombre_cine, id_ubicacion) values (99, 99, 99);
insert into Cines (id_cine, nombre_cine, id_ubicacion) values (100, 100, 100);

insert into Salas (id_sala, sala_capacidad, id_cine) values (1, 1, 1);
insert into Salas (id_sala, sala_capacidad, id_cine) values (2, 2, 2);
insert into Salas (id_sala, sala_capacidad, id_cine) values (3, 3, 3);
insert into Salas (id_sala, sala_capacidad, id_cine) values (4, 4, 4);
insert into Salas (id_sala, sala_capacidad, id_cine) values (5, 5, 5);
insert into Salas (id_sala, sala_capacidad, id_cine) values (6, 6, 6);
insert into Salas (id_sala, sala_capacidad, id_cine) values (7, 7, 7);
insert into Salas (id_sala, sala_capacidad, id_cine) values (8, 8, 8);
insert into Salas (id_sala, sala_capacidad, id_cine) values (9, 9, 9);
insert into Salas (id_sala, sala_capacidad, id_cine) values (10, 10, 10);
insert into Salas (id_sala, sala_capacidad, id_cine) values (11, 11, 11);
insert into Salas (id_sala, sala_capacidad, id_cine) values (12, 12, 12);
insert into Salas (id_sala, sala_capacidad, id_cine) values (13, 13, 13);
insert into Salas (id_sala, sala_capacidad, id_cine) values (14, 14, 14);
insert into Salas (id_sala, sala_capacidad, id_cine) values (15, 15, 15);
insert into Salas (id_sala, sala_capacidad, id_cine) values (16, 16, 16);
insert into Salas (id_sala, sala_capacidad, id_cine) values (17, 17, 17);
insert into Salas (id_sala, sala_capacidad, id_cine) values (18, 18, 18);
insert into Salas (id_sala, sala_capacidad, id_cine) values (19, 19, 19);
insert into Salas (id_sala, sala_capacidad, id_cine) values (20, 20, 20);
insert into Salas (id_sala, sala_capacidad, id_cine) values (21, 21, 21);
insert into Salas (id_sala, sala_capacidad, id_cine) values (22, 22, 22);
insert into Salas (id_sala, sala_capacidad, id_cine) values (23, 23, 23);
insert into Salas (id_sala, sala_capacidad, id_cine) values (24, 24, 24);
insert into Salas (id_sala, sala_capacidad, id_cine) values (25, 25, 25);
insert into Salas (id_sala, sala_capacidad, id_cine) values (26, 26, 26);
insert into Salas (id_sala, sala_capacidad, id_cine) values (27, 27, 27);
insert into Salas (id_sala, sala_capacidad, id_cine) values (28, 28, 28);
insert into Salas (id_sala, sala_capacidad, id_cine) values (29, 29, 29);
insert into Salas (id_sala, sala_capacidad, id_cine) values (30, 30, 30);
insert into Salas (id_sala, sala_capacidad, id_cine) values (31, 31, 31);
insert into Salas (id_sala, sala_capacidad, id_cine) values (32, 32, 32);
insert into Salas (id_sala, sala_capacidad, id_cine) values (33, 33, 33);
insert into Salas (id_sala, sala_capacidad, id_cine) values (34, 34, 34);
insert into Salas (id_sala, sala_capacidad, id_cine) values (35, 35, 35);
insert into Salas (id_sala, sala_capacidad, id_cine) values (36, 36, 36);
insert into Salas (id_sala, sala_capacidad, id_cine) values (37, 37, 37);
insert into Salas (id_sala, sala_capacidad, id_cine) values (38, 38, 38);
insert into Salas (id_sala, sala_capacidad, id_cine) values (39, 39, 39);
insert into Salas (id_sala, sala_capacidad, id_cine) values (40, 40, 40);
insert into Salas (id_sala, sala_capacidad, id_cine) values (41, 41, 41);
insert into Salas (id_sala, sala_capacidad, id_cine) values (42, 42, 42);
insert into Salas (id_sala, sala_capacidad, id_cine) values (43, 43, 43);
insert into Salas (id_sala, sala_capacidad, id_cine) values (44, 44, 44);
insert into Salas (id_sala, sala_capacidad, id_cine) values (45, 45, 45);
insert into Salas (id_sala, sala_capacidad, id_cine) values (46, 46, 46);
insert into Salas (id_sala, sala_capacidad, id_cine) values (47, 47, 47);
insert into Salas (id_sala, sala_capacidad, id_cine) values (48, 48, 48);
insert into Salas (id_sala, sala_capacidad, id_cine) values (49, 49, 49);
insert into Salas (id_sala, sala_capacidad, id_cine) values (50, 50, 50);
insert into Salas (id_sala, sala_capacidad, id_cine) values (51, 51, 51);
insert into Salas (id_sala, sala_capacidad, id_cine) values (52, 52, 52);
insert into Salas (id_sala, sala_capacidad, id_cine) values (53, 53, 53);
insert into Salas (id_sala, sala_capacidad, id_cine) values (54, 54, 54);
insert into Salas (id_sala, sala_capacidad, id_cine) values (55, 55, 55);
insert into Salas (id_sala, sala_capacidad, id_cine) values (56, 56, 56);
insert into Salas (id_sala, sala_capacidad, id_cine) values (57, 57, 57);
insert into Salas (id_sala, sala_capacidad, id_cine) values (58, 58, 58);
insert into Salas (id_sala, sala_capacidad, id_cine) values (59, 59, 59);
insert into Salas (id_sala, sala_capacidad, id_cine) values (60, 60, 60);
insert into Salas (id_sala, sala_capacidad, id_cine) values (61, 61, 61);
insert into Salas (id_sala, sala_capacidad, id_cine) values (62, 62, 62);
insert into Salas (id_sala, sala_capacidad, id_cine) values (63, 63, 63);
insert into Salas (id_sala, sala_capacidad, id_cine) values (64, 64, 64);
insert into Salas (id_sala, sala_capacidad, id_cine) values (65, 65, 65);
insert into Salas (id_sala, sala_capacidad, id_cine) values (66, 66, 66);
insert into Salas (id_sala, sala_capacidad, id_cine) values (67, 67, 67);
insert into Salas (id_sala, sala_capacidad, id_cine) values (68, 68, 68);
insert into Salas (id_sala, sala_capacidad, id_cine) values (69, 69, 69);
insert into Salas (id_sala, sala_capacidad, id_cine) values (70, 70, 70);
insert into Salas (id_sala, sala_capacidad, id_cine) values (71, 71, 71);
insert into Salas (id_sala, sala_capacidad, id_cine) values (72, 72, 72);
insert into Salas (id_sala, sala_capacidad, id_cine) values (73, 73, 73);
insert into Salas (id_sala, sala_capacidad, id_cine) values (74, 74, 74);
insert into Salas (id_sala, sala_capacidad, id_cine) values (75, 75, 75);
insert into Salas (id_sala, sala_capacidad, id_cine) values (76, 76, 76);
insert into Salas (id_sala, sala_capacidad, id_cine) values (77, 77, 77);
insert into Salas (id_sala, sala_capacidad, id_cine) values (78, 78, 78);
insert into Salas (id_sala, sala_capacidad, id_cine) values (79, 79, 79);
insert into Salas (id_sala, sala_capacidad, id_cine) values (80, 80, 80);
insert into Salas (id_sala, sala_capacidad, id_cine) values (81, 81, 81);
insert into Salas (id_sala, sala_capacidad, id_cine) values (82, 82, 82);
insert into Salas (id_sala, sala_capacidad, id_cine) values (83, 83, 83);
insert into Salas (id_sala, sala_capacidad, id_cine) values (84, 84, 84);
insert into Salas (id_sala, sala_capacidad, id_cine) values (85, 85, 85);
insert into Salas (id_sala, sala_capacidad, id_cine) values (86, 86, 86);
insert into Salas (id_sala, sala_capacidad, id_cine) values (87, 87, 87);
insert into Salas (id_sala, sala_capacidad, id_cine) values (88, 88, 88);
insert into Salas (id_sala, sala_capacidad, id_cine) values (89, 89, 89);
insert into Salas (id_sala, sala_capacidad, id_cine) values (90, 90, 90);
insert into Salas (id_sala, sala_capacidad, id_cine) values (91, 91, 91);
insert into Salas (id_sala, sala_capacidad, id_cine) values (92, 92, 92);
insert into Salas (id_sala, sala_capacidad, id_cine) values (93, 93, 93);
insert into Salas (id_sala, sala_capacidad, id_cine) values (94, 94, 94);
insert into Salas (id_sala, sala_capacidad, id_cine) values (95, 95, 95);
insert into Salas (id_sala, sala_capacidad, id_cine) values (96, 96, 96);
insert into Salas (id_sala, sala_capacidad, id_cine) values (97, 97, 97);
insert into Salas (id_sala, sala_capacidad, id_cine) values (98, 98, 98);
insert into Salas (id_sala, sala_capacidad, id_cine) values (99, 99, 99);
insert into Salas (id_sala, sala_capacidad, id_cine) values (100, 100, 100);

insert into Generos (id_genero, nombre_genero) values (1, 'sapien');
insert into Generos (id_genero, nombre_genero) values (2, 'in hac');
insert into Generos (id_genero, nombre_genero) values (3, 'molestie');
insert into Generos (id_genero, nombre_genero) values (4, 'aenean');
insert into Generos (id_genero, nombre_genero) values (5, 'phasellus');
insert into Generos (id_genero, nombre_genero) values (6, 'leo');
insert into Generos (id_genero, nombre_genero) values (7, 'ut');
insert into Generos (id_genero, nombre_genero) values (8, 'orci');
insert into Generos (id_genero, nombre_genero) values (9, 'purus phasellus');
insert into Generos (id_genero, nombre_genero) values (10, 'hac habitasse');
insert into Generos (id_genero, nombre_genero) values (11, 'pulvinar sed');
insert into Generos (id_genero, nombre_genero) values (12, 'quam turpis');
insert into Generos (id_genero, nombre_genero) values (13, 'fusce lacus');
insert into Generos (id_genero, nombre_genero) values (14, 'nulla nisl');
insert into Generos (id_genero, nombre_genero) values (15, 'vehicula consequat');
insert into Generos (id_genero, nombre_genero) values (16, 'morbi');
insert into Generos (id_genero, nombre_genero) values (17, 'purus');
insert into Generos (id_genero, nombre_genero) values (18, 'aenean fermentum');
insert into Generos (id_genero, nombre_genero) values (19, 'rutrum neque');
insert into Generos (id_genero, nombre_genero) values (20, 'pede lobortis');
insert into Generos (id_genero, nombre_genero) values (21, 'metus sapien');
insert into Generos (id_genero, nombre_genero) values (22, 'velit id');
insert into Generos (id_genero, nombre_genero) values (23, 'porttitor');
insert into Generos (id_genero, nombre_genero) values (24, 'eget');
insert into Generos (id_genero, nombre_genero) values (25, 'odio');
insert into Generos (id_genero, nombre_genero) values (26, 'ligula pellentesque');
insert into Generos (id_genero, nombre_genero) values (27, 'ultrices posuere');
insert into Generos (id_genero, nombre_genero) values (28, 'sapien');
insert into Generos (id_genero, nombre_genero) values (29, 'vulputate');
insert into Generos (id_genero, nombre_genero) values (30, 'lacinia erat');
insert into Generos (id_genero, nombre_genero) values (31, 'risus');
insert into Generos (id_genero, nombre_genero) values (32, 'cubilia curae');
insert into Generos (id_genero, nombre_genero) values (33, 'lacinia');
insert into Generos (id_genero, nombre_genero) values (34, 'a');
insert into Generos (id_genero, nombre_genero) values (35, 'quam turpis');
insert into Generos (id_genero, nombre_genero) values (36, 'nam');
insert into Generos (id_genero, nombre_genero) values (37, 'mattis');
insert into Generos (id_genero, nombre_genero) values (38, 'quis');
insert into Generos (id_genero, nombre_genero) values (39, 'nulla ultrices');
insert into Generos (id_genero, nombre_genero) values (40, 'lorem integer');
insert into Generos (id_genero, nombre_genero) values (41, 'odio consequat');
insert into Generos (id_genero, nombre_genero) values (42, 'amet');
insert into Generos (id_genero, nombre_genero) values (43, 'volutpat');
insert into Generos (id_genero, nombre_genero) values (44, 'potenti');
insert into Generos (id_genero, nombre_genero) values (45, 'felis');
insert into Generos (id_genero, nombre_genero) values (46, 'felis eu');
insert into Generos (id_genero, nombre_genero) values (47, 'lectus');
insert into Generos (id_genero, nombre_genero) values (48, 'vulputate');
insert into Generos (id_genero, nombre_genero) values (49, 'nunc');
insert into Generos (id_genero, nombre_genero) values (50, 'molestie');
insert into Generos (id_genero, nombre_genero) values (51, 'rhoncus dui');
insert into Generos (id_genero, nombre_genero) values (52, 'dolor vel');
insert into Generos (id_genero, nombre_genero) values (53, 'donec vitae');
insert into Generos (id_genero, nombre_genero) values (54, 'dapibus');
insert into Generos (id_genero, nombre_genero) values (55, 'molestie lorem');
insert into Generos (id_genero, nombre_genero) values (56, 'purus');
insert into Generos (id_genero, nombre_genero) values (57, 'dis');
insert into Generos (id_genero, nombre_genero) values (58, 'pellentesque ultrices');
insert into Generos (id_genero, nombre_genero) values (59, 'consectetuer adipiscing');
insert into Generos (id_genero, nombre_genero) values (60, 'ut massa');
insert into Generos (id_genero, nombre_genero) values (61, 'rutrum ac');
insert into Generos (id_genero, nombre_genero) values (62, 'pretium');
insert into Generos (id_genero, nombre_genero) values (63, 'congue');
insert into Generos (id_genero, nombre_genero) values (64, 'vivamus vel');
insert into Generos (id_genero, nombre_genero) values (65, 'magnis dis');
insert into Generos (id_genero, nombre_genero) values (66, 'ut');
insert into Generos (id_genero, nombre_genero) values (67, 'eu');
insert into Generos (id_genero, nombre_genero) values (68, 'vulputate');
insert into Generos (id_genero, nombre_genero) values (69, 'turpis');
insert into Generos (id_genero, nombre_genero) values (70, 'quam');
insert into Generos (id_genero, nombre_genero) values (71, 'orci');
insert into Generos (id_genero, nombre_genero) values (72, 'sed');
insert into Generos (id_genero, nombre_genero) values (73, 'lobortis');
insert into Generos (id_genero, nombre_genero) values (74, 'quis odio');
insert into Generos (id_genero, nombre_genero) values (75, 'convallis');
insert into Generos (id_genero, nombre_genero) values (76, 'luctus');
insert into Generos (id_genero, nombre_genero) values (77, 'amet');
insert into Generos (id_genero, nombre_genero) values (78, 'volutpat erat');
insert into Generos (id_genero, nombre_genero) values (79, 'tortor id');
insert into Generos (id_genero, nombre_genero) values (80, 'sociis natoque');
insert into Generos (id_genero, nombre_genero) values (81, 'lectus suspendisse');
insert into Generos (id_genero, nombre_genero) values (82, 'odio porttitor');
insert into Generos (id_genero, nombre_genero) values (83, 'nec');
insert into Generos (id_genero, nombre_genero) values (84, 'ac nulla');
insert into Generos (id_genero, nombre_genero) values (85, 'dictumst');
insert into Generos (id_genero, nombre_genero) values (86, 'neque');
insert into Generos (id_genero, nombre_genero) values (87, 'vestibulum');
insert into Generos (id_genero, nombre_genero) values (88, 'in faucibus');
insert into Generos (id_genero, nombre_genero) values (89, 'dolor morbi');
insert into Generos (id_genero, nombre_genero) values (90, 'rutrum rutrum');
insert into Generos (id_genero, nombre_genero) values (91, 'semper');
insert into Generos (id_genero, nombre_genero) values (92, 'proin leo');
insert into Generos (id_genero, nombre_genero) values (93, 'sit amet');
insert into Generos (id_genero, nombre_genero) values (94, 'porta');
insert into Generos (id_genero, nombre_genero) values (95, 'luctus');
insert into Generos (id_genero, nombre_genero) values (96, 'euismod');
insert into Generos (id_genero, nombre_genero) values (97, 'ut rhoncus');
insert into Generos (id_genero, nombre_genero) values (98, 'donec');
insert into Generos (id_genero, nombre_genero) values (99, 'amet');
insert into Generos (id_genero, nombre_genero) values (100, 'in ante');

insert into Peliculas (id_pelicula, nombre_pelicula, duracion_pelicula, id_genero) values (1, 'diam', '9:16 PM', 1);
insert into Peliculas (id_pelicula, nombre_pelicula, duracion_pelicula, id_genero) values (2, 'congue', '2:13 PM', 2);
insert into Peliculas (id_pelicula, nombre_pelicula, duracion_pelicula, id_genero) values (3, 'montes', '12:18 PM', 3);
insert into Peliculas (id_pelicula, nombre_pelicula, duracion_pelicula, id_genero) values (4, 'et commodo', '1:20 AM', 4);
insert into Peliculas (id_pelicula, nombre_pelicula, duracion_pelicula, id_genero) values (5, 'eleifend', '5:48 PM', 5);
insert into Peliculas (id_pelicula, nombre_pelicula, duracion_pelicula, id_genero) values (6, 'faucibus', '7:40 AM', 6);
insert into Peliculas (id_pelicula, nombre_pelicula, duracion_pelicula, id_genero) values (7, 'sit amet', '3:59 AM', 7);
insert into Peliculas (id_pelicula, nombre_pelicula, duracion_pelicula, id_genero) values (8, 'primis in', '4:50 PM', 8);
insert into Peliculas (id_pelicula, nombre_pelicula, duracion_pelicula, id_genero) values (9, 'vel', '1:52 AM', 9);
insert into Peliculas (id_pelicula, nombre_pelicula, duracion_pelicula, id_genero) values (10, 'hac habitasse', '3:42 AM', 10);
insert into Peliculas (id_pelicula, nombre_pelicula, duracion_pelicula, id_genero) values (11, 'nulla', '9:57 PM', 11);
insert into Peliculas (id_pelicula, nombre_pelicula, duracion_pelicula, id_genero) values (12, 'justo lacinia', '3:15 PM', 12);
insert into Peliculas (id_pelicula, nombre_pelicula, duracion_pelicula, id_genero) values (13, 'velit', '9:02 PM', 13);
insert into Peliculas (id_pelicula, nombre_pelicula, duracion_pelicula, id_genero) values (14, 'suscipit a', '11:55 AM', 14);
insert into Peliculas (id_pelicula, nombre_pelicula, duracion_pelicula, id_genero) values (15, 'sit amet', '10:28 AM', 15);
insert into Peliculas (id_pelicula, nombre_pelicula, duracion_pelicula, id_genero) values (16, 'elementum ligula', '3:28 PM', 16);
insert into Peliculas (id_pelicula, nombre_pelicula, duracion_pelicula, id_genero) values (17, 'suscipit', '12:06 AM', 17);
insert into Peliculas (id_pelicula, nombre_pelicula, duracion_pelicula, id_genero) values (18, 'ipsum', '3:52 AM', 18);
insert into Peliculas (id_pelicula, nombre_pelicula, duracion_pelicula, id_genero) values (19, 'eu', '3:08 PM', 19);
insert into Peliculas (id_pelicula, nombre_pelicula, duracion_pelicula, id_genero) values (20, 'nulla elit', '12:15 AM', 20);
insert into Peliculas (id_pelicula, nombre_pelicula, duracion_pelicula, id_genero) values (21, 'lorem ipsum', '5:31 PM', 21);
insert into Peliculas (id_pelicula, nombre_pelicula, duracion_pelicula, id_genero) values (22, 'sapien', '2:13 AM', 22);
insert into Peliculas (id_pelicula, nombre_pelicula, duracion_pelicula, id_genero) values (23, 'tellus', '4:39 PM', 23);
insert into Peliculas (id_pelicula, nombre_pelicula, duracion_pelicula, id_genero) values (24, 'curabitur in', '11:01 PM', 24);
insert into Peliculas (id_pelicula, nombre_pelicula, duracion_pelicula, id_genero) values (25, 'magna', '5:51 AM', 25);
insert into Peliculas (id_pelicula, nombre_pelicula, duracion_pelicula, id_genero) values (26, 'nulla suscipit', '6:15 AM', 26);
insert into Peliculas (id_pelicula, nombre_pelicula, duracion_pelicula, id_genero) values (27, 'massa id', '4:16 AM', 27);
insert into Peliculas (id_pelicula, nombre_pelicula, duracion_pelicula, id_genero) values (28, 'pellentesque', '1:10 AM', 28);
insert into Peliculas (id_pelicula, nombre_pelicula, duracion_pelicula, id_genero) values (29, 'diam', '3:41 AM', 29);
insert into Peliculas (id_pelicula, nombre_pelicula, duracion_pelicula, id_genero) values (30, 'donec ut', '3:28 PM', 30);
insert into Peliculas (id_pelicula, nombre_pelicula, duracion_pelicula, id_genero) values (31, 'tortor id', '10:18 AM', 31);
insert into Peliculas (id_pelicula, nombre_pelicula, duracion_pelicula, id_genero) values (32, 'parturient montes', '2:26 PM', 32);
insert into Peliculas (id_pelicula, nombre_pelicula, duracion_pelicula, id_genero) values (33, 'metus', '4:10 PM', 33);
insert into Peliculas (id_pelicula, nombre_pelicula, duracion_pelicula, id_genero) values (34, 'nunc commodo', '7:08 AM', 34);
insert into Peliculas (id_pelicula, nombre_pelicula, duracion_pelicula, id_genero) values (35, 'ridiculus mus', '10:12 PM', 35);
insert into Peliculas (id_pelicula, nombre_pelicula, duracion_pelicula, id_genero) values (36, 'non quam', '10:54 AM', 36);
insert into Peliculas (id_pelicula, nombre_pelicula, duracion_pelicula, id_genero) values (37, 'ut nunc', '10:53 PM', 37);
insert into Peliculas (id_pelicula, nombre_pelicula, duracion_pelicula, id_genero) values (38, 'vel', '5:07 AM', 38);
insert into Peliculas (id_pelicula, nombre_pelicula, duracion_pelicula, id_genero) values (39, 'erat fermentum', '8:49 AM', 39);
insert into Peliculas (id_pelicula, nombre_pelicula, duracion_pelicula, id_genero) values (40, 'orci', '5:33 PM', 40);
insert into Peliculas (id_pelicula, nombre_pelicula, duracion_pelicula, id_genero) values (41, 'nec', '8:59 PM', 41);
insert into Peliculas (id_pelicula, nombre_pelicula, duracion_pelicula, id_genero) values (42, 'molestie nibh', '6:46 PM', 42);
insert into Peliculas (id_pelicula, nombre_pelicula, duracion_pelicula, id_genero) values (43, 'sapien', '11:56 PM', 43);
insert into Peliculas (id_pelicula, nombre_pelicula, duracion_pelicula, id_genero) values (44, 'ut massa', '7:23 PM', 44);
insert into Peliculas (id_pelicula, nombre_pelicula, duracion_pelicula, id_genero) values (45, 'erat', '2:44 AM', 45);
insert into Peliculas (id_pelicula, nombre_pelicula, duracion_pelicula, id_genero) values (46, 'consequat', '10:06 PM', 46);
insert into Peliculas (id_pelicula, nombre_pelicula, duracion_pelicula, id_genero) values (47, 'nulla elit', '3:24 PM', 47);
insert into Peliculas (id_pelicula, nombre_pelicula, duracion_pelicula, id_genero) values (48, 'nisi', '3:35 PM', 48);
insert into Peliculas (id_pelicula, nombre_pelicula, duracion_pelicula, id_genero) values (49, 'justo', '11:15 AM', 49);
insert into Peliculas (id_pelicula, nombre_pelicula, duracion_pelicula, id_genero) values (50, 'aliquam erat', '5:03 PM', 50);
insert into Peliculas (id_pelicula, nombre_pelicula, duracion_pelicula, id_genero) values (51, 'pulvinar', '8:19 PM', 51);
insert into Peliculas (id_pelicula, nombre_pelicula, duracion_pelicula, id_genero) values (52, 'quis tortor', '11:27 PM', 52);
insert into Peliculas (id_pelicula, nombre_pelicula, duracion_pelicula, id_genero) values (53, 'lobortis', '2:35 PM', 53);
insert into Peliculas (id_pelicula, nombre_pelicula, duracion_pelicula, id_genero) values (54, 'turpis', '1:53 AM', 54);
insert into Peliculas (id_pelicula, nombre_pelicula, duracion_pelicula, id_genero) values (55, 'et commodo', '3:39 PM', 55);
insert into Peliculas (id_pelicula, nombre_pelicula, duracion_pelicula, id_genero) values (56, 'nec dui', '11:56 PM', 56);
insert into Peliculas (id_pelicula, nombre_pelicula, duracion_pelicula, id_genero) values (57, 'duis bibendum', '11:00 AM', 57);
insert into Peliculas (id_pelicula, nombre_pelicula, duracion_pelicula, id_genero) values (58, 'diam', '11:50 PM', 58);
insert into Peliculas (id_pelicula, nombre_pelicula, duracion_pelicula, id_genero) values (59, 'et', '10:04 AM', 59);
insert into Peliculas (id_pelicula, nombre_pelicula, duracion_pelicula, id_genero) values (60, 'dolor', '10:49 PM', 60);
insert into Peliculas (id_pelicula, nombre_pelicula, duracion_pelicula, id_genero) values (61, 'dapibus nulla', '12:08 AM', 61);
insert into Peliculas (id_pelicula, nombre_pelicula, duracion_pelicula, id_genero) values (62, 'eu', '10:49 PM', 62);
insert into Peliculas (id_pelicula, nombre_pelicula, duracion_pelicula, id_genero) values (63, 'ultrices', '9:50 PM', 63);
insert into Peliculas (id_pelicula, nombre_pelicula, duracion_pelicula, id_genero) values (64, 'posuere', '10:49 PM', 64);
insert into Peliculas (id_pelicula, nombre_pelicula, duracion_pelicula, id_genero) values (65, 'eros suspendisse', '1:56 AM', 65);
insert into Peliculas (id_pelicula, nombre_pelicula, duracion_pelicula, id_genero) values (66, 'est phasellus', '8:21 AM', 66);
insert into Peliculas (id_pelicula, nombre_pelicula, duracion_pelicula, id_genero) values (67, 'suscipit', '11:34 PM', 67);
insert into Peliculas (id_pelicula, nombre_pelicula, duracion_pelicula, id_genero) values (68, 'nulla', '3:38 PM', 68);
insert into Peliculas (id_pelicula, nombre_pelicula, duracion_pelicula, id_genero) values (69, 'vulputate', '10:11 AM', 69);
insert into Peliculas (id_pelicula, nombre_pelicula, duracion_pelicula, id_genero) values (70, 'aliquam erat', '11:36 PM', 70);
insert into Peliculas (id_pelicula, nombre_pelicula, duracion_pelicula, id_genero) values (71, 'elit', '5:49 AM', 71);
insert into Peliculas (id_pelicula, nombre_pelicula, duracion_pelicula, id_genero) values (72, 'commodo placerat', '11:37 PM', 72);
insert into Peliculas (id_pelicula, nombre_pelicula, duracion_pelicula, id_genero) values (73, 'interdum in', '8:13 PM', 73);
insert into Peliculas (id_pelicula, nombre_pelicula, duracion_pelicula, id_genero) values (74, 'cum', '10:18 PM', 74);
insert into Peliculas (id_pelicula, nombre_pelicula, duracion_pelicula, id_genero) values (75, 'nam dui', '1:22 AM', 75);
insert into Peliculas (id_pelicula, nombre_pelicula, duracion_pelicula, id_genero) values (76, 'ut odio', '1:24 PM', 76);
insert into Peliculas (id_pelicula, nombre_pelicula, duracion_pelicula, id_genero) values (77, 'vitae', '10:22 AM', 77);
insert into Peliculas (id_pelicula, nombre_pelicula, duracion_pelicula, id_genero) values (78, 'nascetur ridiculus', '8:12 PM', 78);
insert into Peliculas (id_pelicula, nombre_pelicula, duracion_pelicula, id_genero) values (79, 'enim', '8:35 PM', 79);
insert into Peliculas (id_pelicula, nombre_pelicula, duracion_pelicula, id_genero) values (80, 'porttitor pede', '1:02 PM', 80);
insert into Peliculas (id_pelicula, nombre_pelicula, duracion_pelicula, id_genero) values (81, 'vel', '12:44 AM', 81);
insert into Peliculas (id_pelicula, nombre_pelicula, duracion_pelicula, id_genero) values (82, 'morbi', '11:46 AM', 82);
insert into Peliculas (id_pelicula, nombre_pelicula, duracion_pelicula, id_genero) values (83, 'integer', '10:09 PM', 83);
insert into Peliculas (id_pelicula, nombre_pelicula, duracion_pelicula, id_genero) values (84, 'vehicula', '11:42 AM', 84);
insert into Peliculas (id_pelicula, nombre_pelicula, duracion_pelicula, id_genero) values (85, 'est', '11:55 AM', 85);
insert into Peliculas (id_pelicula, nombre_pelicula, duracion_pelicula, id_genero) values (86, 'in', '1:15 AM', 86);
insert into Peliculas (id_pelicula, nombre_pelicula, duracion_pelicula, id_genero) values (87, 'posuere', '4:07 PM', 87);
insert into Peliculas (id_pelicula, nombre_pelicula, duracion_pelicula, id_genero) values (88, 'eros', '3:27 AM', 88);
insert into Peliculas (id_pelicula, nombre_pelicula, duracion_pelicula, id_genero) values (89, 'molestie', '1:24 AM', 89);
insert into Peliculas (id_pelicula, nombre_pelicula, duracion_pelicula, id_genero) values (90, 'amet', '2:48 PM', 90);
insert into Peliculas (id_pelicula, nombre_pelicula, duracion_pelicula, id_genero) values (91, 'donec dapibus', '6:44 PM', 91);
insert into Peliculas (id_pelicula, nombre_pelicula, duracion_pelicula, id_genero) values (92, 'lobortis', '5:49 PM', 92);
insert into Peliculas (id_pelicula, nombre_pelicula, duracion_pelicula, id_genero) values (93, 'fusce lacus', '8:07 AM', 93);
insert into Peliculas (id_pelicula, nombre_pelicula, duracion_pelicula, id_genero) values (94, 'consequat', '4:35 AM', 94);
insert into Peliculas (id_pelicula, nombre_pelicula, duracion_pelicula, id_genero) values (95, 'lectus aliquam', '12:02 PM', 95);
insert into Peliculas (id_pelicula, nombre_pelicula, duracion_pelicula, id_genero) values (96, 'molestie', '1:00 AM', 96);
insert into Peliculas (id_pelicula, nombre_pelicula, duracion_pelicula, id_genero) values (97, 'phasellus', '2:05 AM', 97);
insert into Peliculas (id_pelicula, nombre_pelicula, duracion_pelicula, id_genero) values (98, 'volutpat', '4:36 PM', 98);
insert into Peliculas (id_pelicula, nombre_pelicula, duracion_pelicula, id_genero) values (99, 'pede', '12:42 AM', 99);
insert into Peliculas (id_pelicula, nombre_pelicula, duracion_pelicula, id_genero) values (100, 'tempor turpis', '9:58 PM', 100);

insert into Carteleras (id_cartelera, id_cine) values (1, 1);
insert into Carteleras (id_cartelera, id_cine) values (2, 2);
insert into Carteleras (id_cartelera, id_cine) values (3, 3);
insert into Carteleras (id_cartelera, id_cine) values (4, 4);
insert into Carteleras (id_cartelera, id_cine) values (5, 5);
insert into Carteleras (id_cartelera, id_cine) values (6, 6);
insert into Carteleras (id_cartelera, id_cine) values (7, 7);
insert into Carteleras (id_cartelera, id_cine) values (8, 8);
insert into Carteleras (id_cartelera, id_cine) values (9, 9);
insert into Carteleras (id_cartelera, id_cine) values (10, 10);
insert into Carteleras (id_cartelera, id_cine) values (11, 11);
insert into Carteleras (id_cartelera, id_cine) values (12, 12);
insert into Carteleras (id_cartelera, id_cine) values (13, 13);
insert into Carteleras (id_cartelera, id_cine) values (14, 14);
insert into Carteleras (id_cartelera, id_cine) values (15, 15);
insert into Carteleras (id_cartelera, id_cine) values (16, 16);
insert into Carteleras (id_cartelera, id_cine) values (17, 17);
insert into Carteleras (id_cartelera, id_cine) values (18, 18);
insert into Carteleras (id_cartelera, id_cine) values (19, 19);
insert into Carteleras (id_cartelera, id_cine) values (20, 20);
insert into Carteleras (id_cartelera, id_cine) values (21, 21);
insert into Carteleras (id_cartelera, id_cine) values (22, 22);
insert into Carteleras (id_cartelera, id_cine) values (23, 23);
insert into Carteleras (id_cartelera, id_cine) values (24, 24);
insert into Carteleras (id_cartelera, id_cine) values (25, 25);
insert into Carteleras (id_cartelera, id_cine) values (26, 26);
insert into Carteleras (id_cartelera, id_cine) values (27, 27);
insert into Carteleras (id_cartelera, id_cine) values (28, 28);
insert into Carteleras (id_cartelera, id_cine) values (29, 29);
insert into Carteleras (id_cartelera, id_cine) values (30, 30);
insert into Carteleras (id_cartelera, id_cine) values (31, 31);
insert into Carteleras (id_cartelera, id_cine) values (32, 32);
insert into Carteleras (id_cartelera, id_cine) values (33, 33);
insert into Carteleras (id_cartelera, id_cine) values (34, 34);
insert into Carteleras (id_cartelera, id_cine) values (35, 35);
insert into Carteleras (id_cartelera, id_cine) values (36, 36);
insert into Carteleras (id_cartelera, id_cine) values (37, 37);
insert into Carteleras (id_cartelera, id_cine) values (38, 38);
insert into Carteleras (id_cartelera, id_cine) values (39, 39);
insert into Carteleras (id_cartelera, id_cine) values (40, 40);
insert into Carteleras (id_cartelera, id_cine) values (41, 41);
insert into Carteleras (id_cartelera, id_cine) values (42, 42);
insert into Carteleras (id_cartelera, id_cine) values (43, 43);
insert into Carteleras (id_cartelera, id_cine) values (44, 44);
insert into Carteleras (id_cartelera, id_cine) values (45, 45);
insert into Carteleras (id_cartelera, id_cine) values (46, 46);
insert into Carteleras (id_cartelera, id_cine) values (47, 47);
insert into Carteleras (id_cartelera, id_cine) values (48, 48);
insert into Carteleras (id_cartelera, id_cine) values (49, 49);
insert into Carteleras (id_cartelera, id_cine) values (50, 50);
insert into Carteleras (id_cartelera, id_cine) values (51, 51);
insert into Carteleras (id_cartelera, id_cine) values (52, 52);
insert into Carteleras (id_cartelera, id_cine) values (53, 53);
insert into Carteleras (id_cartelera, id_cine) values (54, 54);
insert into Carteleras (id_cartelera, id_cine) values (55, 55);
insert into Carteleras (id_cartelera, id_cine) values (56, 56);
insert into Carteleras (id_cartelera, id_cine) values (57, 57);
insert into Carteleras (id_cartelera, id_cine) values (58, 58);
insert into Carteleras (id_cartelera, id_cine) values (59, 59);
insert into Carteleras (id_cartelera, id_cine) values (60, 60);
insert into Carteleras (id_cartelera, id_cine) values (61, 61);
insert into Carteleras (id_cartelera, id_cine) values (62, 62);
insert into Carteleras (id_cartelera, id_cine) values (63, 63);
insert into Carteleras (id_cartelera, id_cine) values (64, 64);
insert into Carteleras (id_cartelera, id_cine) values (65, 65);
insert into Carteleras (id_cartelera, id_cine) values (66, 66);
insert into Carteleras (id_cartelera, id_cine) values (67, 67);
insert into Carteleras (id_cartelera, id_cine) values (68, 68);
insert into Carteleras (id_cartelera, id_cine) values (69, 69);
insert into Carteleras (id_cartelera, id_cine) values (70, 70);
insert into Carteleras (id_cartelera, id_cine) values (71, 71);
insert into Carteleras (id_cartelera, id_cine) values (72, 72);
insert into Carteleras (id_cartelera, id_cine) values (73, 73);
insert into Carteleras (id_cartelera, id_cine) values (74, 74);
insert into Carteleras (id_cartelera, id_cine) values (75, 75);
insert into Carteleras (id_cartelera, id_cine) values (76, 76);
insert into Carteleras (id_cartelera, id_cine) values (77, 77);
insert into Carteleras (id_cartelera, id_cine) values (78, 78);
insert into Carteleras (id_cartelera, id_cine) values (79, 79);
insert into Carteleras (id_cartelera, id_cine) values (80, 80);
insert into Carteleras (id_cartelera, id_cine) values (81, 81);
insert into Carteleras (id_cartelera, id_cine) values (82, 82);
insert into Carteleras (id_cartelera, id_cine) values (83, 83);
insert into Carteleras (id_cartelera, id_cine) values (84, 84);
insert into Carteleras (id_cartelera, id_cine) values (85, 85);
insert into Carteleras (id_cartelera, id_cine) values (86, 86);
insert into Carteleras (id_cartelera, id_cine) values (87, 87);
insert into Carteleras (id_cartelera, id_cine) values (88, 88);
insert into Carteleras (id_cartelera, id_cine) values (89, 89);
insert into Carteleras (id_cartelera, id_cine) values (90, 90);
insert into Carteleras (id_cartelera, id_cine) values (91, 91);
insert into Carteleras (id_cartelera, id_cine) values (92, 92);
insert into Carteleras (id_cartelera, id_cine) values (93, 93);
insert into Carteleras (id_cartelera, id_cine) values (94, 94);
insert into Carteleras (id_cartelera, id_cine) values (95, 95);
insert into Carteleras (id_cartelera, id_cine) values (96, 96);
insert into Carteleras (id_cartelera, id_cine) values (97, 97);
insert into Carteleras (id_cartelera, id_cine) values (98, 98);
insert into Carteleras (id_cartelera, id_cine) values (99, 99);
insert into Carteleras (id_cartelera, id_cine) values (100, 100);

insert into Butacas (id_butaca, fila, columna, id_sala) values (1, 'a', 20, 1);
insert into Butacas (id_butaca, fila, columna, id_sala) values (2, 's', 17, 2);
insert into Butacas (id_butaca, fila, columna, id_sala) values (3, 'a', 18, 3);
insert into Butacas (id_butaca, fila, columna, id_sala) values (4, 'q', 7, 4);
insert into Butacas (id_butaca, fila, columna, id_sala) values (5, 'a', 8, 5);
insert into Butacas (id_butaca, fila, columna, id_sala) values (6, 'a', 15, 6);
insert into Butacas (id_butaca, fila, columna, id_sala) values (7, 't', 11, 7);
insert into Butacas (id_butaca, fila, columna, id_sala) values (8, 'f', 14, 8);
insert into Butacas (id_butaca, fila, columna, id_sala) values (9, 'q', 18, 9);
insert into Butacas (id_butaca, fila, columna, id_sala) values (10, 'n', 2, 10);
insert into Butacas (id_butaca, fila, columna, id_sala) values (11, 'p', 17, 11);
insert into Butacas (id_butaca, fila, columna, id_sala) values (12, 'u', 5, 12);
insert into Butacas (id_butaca, fila, columna, id_sala) values (13, 'a', 15, 13);
insert into Butacas (id_butaca, fila, columna, id_sala) values (14, 'm', 13, 14);
insert into Butacas (id_butaca, fila, columna, id_sala) values (15, 'n', 10, 15);
insert into Butacas (id_butaca, fila, columna, id_sala) values (16, 'a', 13, 16);
insert into Butacas (id_butaca, fila, columna, id_sala) values (17, 'p', 7, 17);
insert into Butacas (id_butaca, fila, columna, id_sala) values (18, 'l', 12, 18);
insert into Butacas (id_butaca, fila, columna, id_sala) values (19, 'e', 11, 19);
insert into Butacas (id_butaca, fila, columna, id_sala) values (20, 'g', 1, 20);
insert into Butacas (id_butaca, fila, columna, id_sala) values (21, 'i', 14, 21);
insert into Butacas (id_butaca, fila, columna, id_sala) values (22, 'e', 12, 22);
insert into Butacas (id_butaca, fila, columna, id_sala) values (23, 't', 14, 23);
insert into Butacas (id_butaca, fila, columna, id_sala) values (24, 'n', 2, 24);
insert into Butacas (id_butaca, fila, columna, id_sala) values (25, 'v', 10, 25);
insert into Butacas (id_butaca, fila, columna, id_sala) values (26, 'i', 7, 26);
insert into Butacas (id_butaca, fila, columna, id_sala) values (27, 'r', 6, 27);
insert into Butacas (id_butaca, fila, columna, id_sala) values (28, 'v', 17, 28);
insert into Butacas (id_butaca, fila, columna, id_sala) values (29, 's', 19, 29);
insert into Butacas (id_butaca, fila, columna, id_sala) values (30, 'r', 20, 30);
insert into Butacas (id_butaca, fila, columna, id_sala) values (31, 't', 3, 31);
insert into Butacas (id_butaca, fila, columna, id_sala) values (32, 'i', 9, 32);
insert into Butacas (id_butaca, fila, columna, id_sala) values (33, 'l', 17, 33);
insert into Butacas (id_butaca, fila, columna, id_sala) values (34, 'l', 3, 34);
insert into Butacas (id_butaca, fila, columna, id_sala) values (35, 'e', 17, 35);
insert into Butacas (id_butaca, fila, columna, id_sala) values (36, 'i', 17, 36);
insert into Butacas (id_butaca, fila, columna, id_sala) values (37, 'n', 1, 37);
insert into Butacas (id_butaca, fila, columna, id_sala) values (38, 'p', 1, 38);
insert into Butacas (id_butaca, fila, columna, id_sala) values (39, 'j', 19, 39);
insert into Butacas (id_butaca, fila, columna, id_sala) values (40, 'n', 14, 40);
insert into Butacas (id_butaca, fila, columna, id_sala) values (41, 's', 1, 41);
insert into Butacas (id_butaca, fila, columna, id_sala) values (42, 'n', 4, 42);
insert into Butacas (id_butaca, fila, columna, id_sala) values (43, 'p', 20, 43);
insert into Butacas (id_butaca, fila, columna, id_sala) values (44, 'm', 3, 44);
insert into Butacas (id_butaca, fila, columna, id_sala) values (45, 't', 17, 45);
insert into Butacas (id_butaca, fila, columna, id_sala) values (46, 't', 1, 46);
insert into Butacas (id_butaca, fila, columna, id_sala) values (47, 'l', 17, 47);
insert into Butacas (id_butaca, fila, columna, id_sala) values (48, 'p', 4, 48);
insert into Butacas (id_butaca, fila, columna, id_sala) values (49, 'c', 15, 49);
insert into Butacas (id_butaca, fila, columna, id_sala) values (50, 'a', 7, 50);
insert into Butacas (id_butaca, fila, columna, id_sala) values (51, 't', 11, 51);
insert into Butacas (id_butaca, fila, columna, id_sala) values (52, 'e', 9, 52);
insert into Butacas (id_butaca, fila, columna, id_sala) values (53, 'i', 6, 53);
insert into Butacas (id_butaca, fila, columna, id_sala) values (54, 'e', 15, 54);
insert into Butacas (id_butaca, fila, columna, id_sala) values (55, 'm', 12, 55);
insert into Butacas (id_butaca, fila, columna, id_sala) values (56, 'n', 1, 56);
insert into Butacas (id_butaca, fila, columna, id_sala) values (57, 'a', 3, 57);
insert into Butacas (id_butaca, fila, columna, id_sala) values (58, 'r', 20, 58);
insert into Butacas (id_butaca, fila, columna, id_sala) values (59, 'u', 3, 59);
insert into Butacas (id_butaca, fila, columna, id_sala) values (60, 'n', 2, 60);
insert into Butacas (id_butaca, fila, columna, id_sala) values (61, 'h', 20, 61);
insert into Butacas (id_butaca, fila, columna, id_sala) values (62, 'm', 14, 62);
insert into Butacas (id_butaca, fila, columna, id_sala) values (63, 'v', 10, 63);
insert into Butacas (id_butaca, fila, columna, id_sala) values (64, 'm', 12, 64);
insert into Butacas (id_butaca, fila, columna, id_sala) values (65, 'i', 7, 65);
insert into Butacas (id_butaca, fila, columna, id_sala) values (66, 'l', 17, 66);
insert into Butacas (id_butaca, fila, columna, id_sala) values (67, 'm', 17, 67);
insert into Butacas (id_butaca, fila, columna, id_sala) values (68, 'u', 6, 68);
insert into Butacas (id_butaca, fila, columna, id_sala) values (69, 's', 15, 69);
insert into Butacas (id_butaca, fila, columna, id_sala) values (70, 'p', 6, 70);
insert into Butacas (id_butaca, fila, columna, id_sala) values (71, 'n', 15, 71);
insert into Butacas (id_butaca, fila, columna, id_sala) values (72, 'v', 2, 72);
insert into Butacas (id_butaca, fila, columna, id_sala) values (73, 'q', 8, 73);
insert into Butacas (id_butaca, fila, columna, id_sala) values (74, 'p', 6, 74);
insert into Butacas (id_butaca, fila, columna, id_sala) values (75, 'a', 2, 75);
insert into Butacas (id_butaca, fila, columna, id_sala) values (76, 'v', 1, 76);
insert into Butacas (id_butaca, fila, columna, id_sala) values (77, 'i', 11, 77);
insert into Butacas (id_butaca, fila, columna, id_sala) values (78, 'l', 17, 78);
insert into Butacas (id_butaca, fila, columna, id_sala) values (79, 'a', 6, 79);
insert into Butacas (id_butaca, fila, columna, id_sala) values (80, 'n', 16, 80);
insert into Butacas (id_butaca, fila, columna, id_sala) values (81, 'a', 8, 81);
insert into Butacas (id_butaca, fila, columna, id_sala) values (82, 'a', 7, 82);
insert into Butacas (id_butaca, fila, columna, id_sala) values (83, 'p', 16, 83);
insert into Butacas (id_butaca, fila, columna, id_sala) values (84, 'f', 18, 84);
insert into Butacas (id_butaca, fila, columna, id_sala) values (85, 'e', 8, 85);
insert into Butacas (id_butaca, fila, columna, id_sala) values (86, 'i', 7, 86);
insert into Butacas (id_butaca, fila, columna, id_sala) values (87, 'q', 7, 87);
insert into Butacas (id_butaca, fila, columna, id_sala) values (88, 'v', 3, 88);
insert into Butacas (id_butaca, fila, columna, id_sala) values (89, 'p', 20, 89);
insert into Butacas (id_butaca, fila, columna, id_sala) values (90, 'n', 20, 90);
insert into Butacas (id_butaca, fila, columna, id_sala) values (91, 'b', 11, 91);
insert into Butacas (id_butaca, fila, columna, id_sala) values (92, 'm', 19, 92);
insert into Butacas (id_butaca, fila, columna, id_sala) values (93, 'v', 18, 93);
insert into Butacas (id_butaca, fila, columna, id_sala) values (94, 'p', 8, 94);
insert into Butacas (id_butaca, fila, columna, id_sala) values (95, 'm', 16, 95);
insert into Butacas (id_butaca, fila, columna, id_sala) values (96, 'e', 19, 96);
insert into Butacas (id_butaca, fila, columna, id_sala) values (97, 'l', 11, 97);
insert into Butacas (id_butaca, fila, columna, id_sala) values (98, 'p', 8, 98);
insert into Butacas (id_butaca, fila, columna, id_sala) values (99, 'a', 12, 99);
insert into Butacas (id_butaca, fila, columna, id_sala) values (100, 'm', 9, 100);

insert into Tipos_Comida (id_tipo_comida, nombre_tipo_comida, descripcion) values (1, 'nibh', 'sapien non');
insert into Tipos_Comida (id_tipo_comida, nombre_tipo_comida, descripcion) values (2, 'sed', 'dictumst');
insert into Tipos_Comida (id_tipo_comida, nombre_tipo_comida, descripcion) values (3, 'urna', 'quisque arcu');
insert into Tipos_Comida (id_tipo_comida, nombre_tipo_comida, descripcion) values (4, 'metus', 'mus');
insert into Tipos_Comida (id_tipo_comida, nombre_tipo_comida, descripcion) values (5, 'diam', 'eros');
insert into Tipos_Comida (id_tipo_comida, nombre_tipo_comida, descripcion) values (6, 'porttitor', 'est congue');
insert into Tipos_Comida (id_tipo_comida, nombre_tipo_comida, descripcion) values (7, 'felis', 'lorem quisque');
insert into Tipos_Comida (id_tipo_comida, nombre_tipo_comida, descripcion) values (8, 'ultrices', 'vel');
insert into Tipos_Comida (id_tipo_comida, nombre_tipo_comida, descripcion) values (9, 'justo', 'ac enim');
insert into Tipos_Comida (id_tipo_comida, nombre_tipo_comida, descripcion) values (10, 'et', 'volutpat');
insert into Tipos_Comida (id_tipo_comida, nombre_tipo_comida, descripcion) values (11, 'habitasse', 'etiam faucibus');
insert into Tipos_Comida (id_tipo_comida, nombre_tipo_comida, descripcion) values (12, 'curae', 'sollicitudin');
insert into Tipos_Comida (id_tipo_comida, nombre_tipo_comida, descripcion) values (13, 'ipsum', 'et');
insert into Tipos_Comida (id_tipo_comida, nombre_tipo_comida, descripcion) values (14, 'habitasse', 'parturient');
insert into Tipos_Comida (id_tipo_comida, nombre_tipo_comida, descripcion) values (15, 'sapien', 'integer');
insert into Tipos_Comida (id_tipo_comida, nombre_tipo_comida, descripcion) values (16, 'aliquet', 'morbi');
insert into Tipos_Comida (id_tipo_comida, nombre_tipo_comida, descripcion) values (17, 'convallis', 'sed');
insert into Tipos_Comida (id_tipo_comida, nombre_tipo_comida, descripcion) values (18, 'mi', 'diam cras');
insert into Tipos_Comida (id_tipo_comida, nombre_tipo_comida, descripcion) values (19, 'id', 'ac diam');
insert into Tipos_Comida (id_tipo_comida, nombre_tipo_comida, descripcion) values (20, 'primis', 'orci');
insert into Tipos_Comida (id_tipo_comida, nombre_tipo_comida, descripcion) values (21, 'amet', 'mi');
insert into Tipos_Comida (id_tipo_comida, nombre_tipo_comida, descripcion) values (22, 'ut', 'vel ipsum');
insert into Tipos_Comida (id_tipo_comida, nombre_tipo_comida, descripcion) values (23, 'vestibulum', 'urna');
insert into Tipos_Comida (id_tipo_comida, nombre_tipo_comida, descripcion) values (24, 'in', 'risus auctor');
insert into Tipos_Comida (id_tipo_comida, nombre_tipo_comida, descripcion) values (25, 'aliquam', 'in felis');
insert into Tipos_Comida (id_tipo_comida, nombre_tipo_comida, descripcion) values (26, 'vel', 'vestibulum ante');
insert into Tipos_Comida (id_tipo_comida, nombre_tipo_comida, descripcion) values (27, 'vehicula', 'nunc purus');
insert into Tipos_Comida (id_tipo_comida, nombre_tipo_comida, descripcion) values (28, 'tempus', 'dui');
insert into Tipos_Comida (id_tipo_comida, nombre_tipo_comida, descripcion) values (29, 'amet', 'quisque');
insert into Tipos_Comida (id_tipo_comida, nombre_tipo_comida, descripcion) values (30, 'congue', 'magna at');
insert into Tipos_Comida (id_tipo_comida, nombre_tipo_comida, descripcion) values (31, 'primis', 'mauris lacinia');
insert into Tipos_Comida (id_tipo_comida, nombre_tipo_comida, descripcion) values (32, 'odio', 'in hac');
insert into Tipos_Comida (id_tipo_comida, nombre_tipo_comida, descripcion) values (33, 'a', 'felis');
insert into Tipos_Comida (id_tipo_comida, nombre_tipo_comida, descripcion) values (34, 'lacus', 'quam');
insert into Tipos_Comida (id_tipo_comida, nombre_tipo_comida, descripcion) values (35, 'quam', 'sit');
insert into Tipos_Comida (id_tipo_comida, nombre_tipo_comida, descripcion) values (36, 'sapien', 'nulla');
insert into Tipos_Comida (id_tipo_comida, nombre_tipo_comida, descripcion) values (37, 'vivamus', 'eu magna');
insert into Tipos_Comida (id_tipo_comida, nombre_tipo_comida, descripcion) values (38, 'turpis', 'consequat metus');
insert into Tipos_Comida (id_tipo_comida, nombre_tipo_comida, descripcion) values (39, 'purus', 'nunc');
insert into Tipos_Comida (id_tipo_comida, nombre_tipo_comida, descripcion) values (40, 'posuere', 'ultricies');
insert into Tipos_Comida (id_tipo_comida, nombre_tipo_comida, descripcion) values (41, 'diam', 'dapibus');
insert into Tipos_Comida (id_tipo_comida, nombre_tipo_comida, descripcion) values (42, 'eu', 'nulla dapibus');
insert into Tipos_Comida (id_tipo_comida, nombre_tipo_comida, descripcion) values (43, 'lacinia', 'etiam');
insert into Tipos_Comida (id_tipo_comida, nombre_tipo_comida, descripcion) values (44, 'amet', 'in libero');
insert into Tipos_Comida (id_tipo_comida, nombre_tipo_comida, descripcion) values (45, 'dictumst', 'nunc donec');
insert into Tipos_Comida (id_tipo_comida, nombre_tipo_comida, descripcion) values (46, 'nulla', 'nec sem');
insert into Tipos_Comida (id_tipo_comida, nombre_tipo_comida, descripcion) values (47, 'fringilla', 'vestibulum ante');
insert into Tipos_Comida (id_tipo_comida, nombre_tipo_comida, descripcion) values (48, 'ligula', 'in');
insert into Tipos_Comida (id_tipo_comida, nombre_tipo_comida, descripcion) values (49, 'pellentesque', 'ultrices enim');
insert into Tipos_Comida (id_tipo_comida, nombre_tipo_comida, descripcion) values (50, 'morbi', 'nisl nunc');
insert into Tipos_Comida (id_tipo_comida, nombre_tipo_comida, descripcion) values (51, 'vivamus', 'mi sit');
insert into Tipos_Comida (id_tipo_comida, nombre_tipo_comida, descripcion) values (52, 'vivamus', 'orci luctus');
insert into Tipos_Comida (id_tipo_comida, nombre_tipo_comida, descripcion) values (53, 'non', 'in sagittis');
insert into Tipos_Comida (id_tipo_comida, nombre_tipo_comida, descripcion) values (54, 'diam', 'habitasse platea');
insert into Tipos_Comida (id_tipo_comida, nombre_tipo_comida, descripcion) values (55, 'blandit', 'et');
insert into Tipos_Comida (id_tipo_comida, nombre_tipo_comida, descripcion) values (56, 'augue', 'pede posuere');
insert into Tipos_Comida (id_tipo_comida, nombre_tipo_comida, descripcion) values (57, 'tempus', 'hac');
insert into Tipos_Comida (id_tipo_comida, nombre_tipo_comida, descripcion) values (58, 'ligula', 'cras pellentesque');
insert into Tipos_Comida (id_tipo_comida, nombre_tipo_comida, descripcion) values (59, 'sed', 'pede');
insert into Tipos_Comida (id_tipo_comida, nombre_tipo_comida, descripcion) values (60, 'dui', 'in hac');
insert into Tipos_Comida (id_tipo_comida, nombre_tipo_comida, descripcion) values (61, 'laoreet', 'non');
insert into Tipos_Comida (id_tipo_comida, nombre_tipo_comida, descripcion) values (62, 'quis', 'lacinia');
insert into Tipos_Comida (id_tipo_comida, nombre_tipo_comida, descripcion) values (63, 'sagittis', 'sed lacus');
insert into Tipos_Comida (id_tipo_comida, nombre_tipo_comida, descripcion) values (64, 'pellentesque', 'sed');
insert into Tipos_Comida (id_tipo_comida, nombre_tipo_comida, descripcion) values (65, 'leo', 'pulvinar');
insert into Tipos_Comida (id_tipo_comida, nombre_tipo_comida, descripcion) values (66, 'fusce', 'vestibulum');
insert into Tipos_Comida (id_tipo_comida, nombre_tipo_comida, descripcion) values (67, 'nulla', 'turpis');
insert into Tipos_Comida (id_tipo_comida, nombre_tipo_comida, descripcion) values (68, 'consequat', 'lacus curabitur');
insert into Tipos_Comida (id_tipo_comida, nombre_tipo_comida, descripcion) values (69, 'magna', 'viverra');
insert into Tipos_Comida (id_tipo_comida, nombre_tipo_comida, descripcion) values (70, 'arcu', 'in');
insert into Tipos_Comida (id_tipo_comida, nombre_tipo_comida, descripcion) values (71, 'dui', 'vestibulum aliquet');
insert into Tipos_Comida (id_tipo_comida, nombre_tipo_comida, descripcion) values (72, 'cursus', 'molestie lorem');
insert into Tipos_Comida (id_tipo_comida, nombre_tipo_comida, descripcion) values (73, 'vel', 'et');
insert into Tipos_Comida (id_tipo_comida, nombre_tipo_comida, descripcion) values (74, 'tellus', 'mattis');
insert into Tipos_Comida (id_tipo_comida, nombre_tipo_comida, descripcion) values (75, 'sapien', 'lorem ipsum');
insert into Tipos_Comida (id_tipo_comida, nombre_tipo_comida, descripcion) values (76, 'curabitur', 'orci luctus');
insert into Tipos_Comida (id_tipo_comida, nombre_tipo_comida, descripcion) values (77, 'donec', 'duis');
insert into Tipos_Comida (id_tipo_comida, nombre_tipo_comida, descripcion) values (78, 'est', 'elit ac');
insert into Tipos_Comida (id_tipo_comida, nombre_tipo_comida, descripcion) values (79, 'pretium', 'scelerisque quam');
insert into Tipos_Comida (id_tipo_comida, nombre_tipo_comida, descripcion) values (80, 'sapien', 'ante');
insert into Tipos_Comida (id_tipo_comida, nombre_tipo_comida, descripcion) values (81, 'nunc', 'ut');
insert into Tipos_Comida (id_tipo_comida, nombre_tipo_comida, descripcion) values (82, 'condimentum', 'vehicula condimentum');
insert into Tipos_Comida (id_tipo_comida, nombre_tipo_comida, descripcion) values (83, 'cursus', 'lacinia nisi');
insert into Tipos_Comida (id_tipo_comida, nombre_tipo_comida, descripcion) values (84, 'sagittis', 'nec dui');
insert into Tipos_Comida (id_tipo_comida, nombre_tipo_comida, descripcion) values (85, 'non', 'cubilia');
insert into Tipos_Comida (id_tipo_comida, nombre_tipo_comida, descripcion) values (86, 'in', 'morbi vel');
insert into Tipos_Comida (id_tipo_comida, nombre_tipo_comida, descripcion) values (87, 'elementum', 'ante');
insert into Tipos_Comida (id_tipo_comida, nombre_tipo_comida, descripcion) values (88, 'a', 'in hac');
insert into Tipos_Comida (id_tipo_comida, nombre_tipo_comida, descripcion) values (89, 'risus', 'euismod');
insert into Tipos_Comida (id_tipo_comida, nombre_tipo_comida, descripcion) values (90, 'porttitor', 'nam');
insert into Tipos_Comida (id_tipo_comida, nombre_tipo_comida, descripcion) values (91, 'platea', 'neque libero');
insert into Tipos_Comida (id_tipo_comida, nombre_tipo_comida, descripcion) values (92, 'ut', 'pellentesque ultrices');
insert into Tipos_Comida (id_tipo_comida, nombre_tipo_comida, descripcion) values (93, 'tristique', 'nec nisi');
insert into Tipos_Comida (id_tipo_comida, nombre_tipo_comida, descripcion) values (94, 'vitae', 'ut erat');
insert into Tipos_Comida (id_tipo_comida, nombre_tipo_comida, descripcion) values (95, 'in', 'ac lobortis');
insert into Tipos_Comida (id_tipo_comida, nombre_tipo_comida, descripcion) values (96, 'ullamcorper', 'amet');
insert into Tipos_Comida (id_tipo_comida, nombre_tipo_comida, descripcion) values (97, 'sem', 'sociis');
insert into Tipos_Comida (id_tipo_comida, nombre_tipo_comida, descripcion) values (98, 'id', 'nulla suscipit');
insert into Tipos_Comida (id_tipo_comida, nombre_tipo_comida, descripcion) values (99, 'amet', 'morbi porttitor');
insert into Tipos_Comida (id_tipo_comida, nombre_tipo_comida, descripcion) values (100, 'leo', 'ut');


insert into Comidas (id_comida, nombre_comida, id_tipo_comida) values (1, 'nisl', 1);
insert into Comidas (id_comida, nombre_comida, id_tipo_comida) values (2, 'facilisi cras', 2);
insert into Comidas (id_comida, nombre_comida, id_tipo_comida) values (3, 'rutrum nulla', 3);
insert into Comidas (id_comida, nombre_comida, id_tipo_comida) values (4, 'nulla quisque', 4);
insert into Comidas (id_comida, nombre_comida, id_tipo_comida) values (5, 'nisl', 5);
insert into Comidas (id_comida, nombre_comida, id_tipo_comida) values (6, 'convallis nunc', 6);
insert into Comidas (id_comida, nombre_comida, id_tipo_comida) values (7, 'enim leo', 7);
insert into Comidas (id_comida, nombre_comida, id_tipo_comida) values (8, 'accumsan', 8);
insert into Comidas (id_comida, nombre_comida, id_tipo_comida) values (9, 'erat vestibulum', 9);
insert into Comidas (id_comida, nombre_comida, id_tipo_comida) values (10, 'justo', 10);
insert into Comidas (id_comida, nombre_comida, id_tipo_comida) values (11, 'velit eu', 11);
insert into Comidas (id_comida, nombre_comida, id_tipo_comida) values (12, 'vitae consectetuer', 12);
insert into Comidas (id_comida, nombre_comida, id_tipo_comida) values (13, 'condimentum', 13);
insert into Comidas (id_comida, nombre_comida, id_tipo_comida) values (14, 'quis turpis', 14);
insert into Comidas (id_comida, nombre_comida, id_tipo_comida) values (15, 'imperdiet nullam', 15);
insert into Comidas (id_comida, nombre_comida, id_tipo_comida) values (16, 'mauris', 16);
insert into Comidas (id_comida, nombre_comida, id_tipo_comida) values (17, 'id', 17);
insert into Comidas (id_comida, nombre_comida, id_tipo_comida) values (18, 'cum sociis', 18);
insert into Comidas (id_comida, nombre_comida, id_tipo_comida) values (19, 'porta', 19);
insert into Comidas (id_comida, nombre_comida, id_tipo_comida) values (20, 'eu nibh', 20);
insert into Comidas (id_comida, nombre_comida, id_tipo_comida) values (21, 'odio curabitur', 21);
insert into Comidas (id_comida, nombre_comida, id_tipo_comida) values (22, 'velit vivamus', 22);
insert into Comidas (id_comida, nombre_comida, id_tipo_comida) values (23, 'consequat', 23);
insert into Comidas (id_comida, nombre_comida, id_tipo_comida) values (24, 'at', 24);
insert into Comidas (id_comida, nombre_comida, id_tipo_comida) values (25, 'mattis', 25);
insert into Comidas (id_comida, nombre_comida, id_tipo_comida) values (26, 'sit', 26);
insert into Comidas (id_comida, nombre_comida, id_tipo_comida) values (27, 'erat tortor', 27);
insert into Comidas (id_comida, nombre_comida, id_tipo_comida) values (28, 'nibh', 28);
insert into Comidas (id_comida, nombre_comida, id_tipo_comida) values (29, 'justo', 29);
insert into Comidas (id_comida, nombre_comida, id_tipo_comida) values (30, 'aliquam', 30);
insert into Comidas (id_comida, nombre_comida, id_tipo_comida) values (31, 'diam', 31);
insert into Comidas (id_comida, nombre_comida, id_tipo_comida) values (32, 'volutpat', 32);
insert into Comidas (id_comida, nombre_comida, id_tipo_comida) values (33, 'posuere cubilia', 33);
insert into Comidas (id_comida, nombre_comida, id_tipo_comida) values (34, 'amet', 34);
insert into Comidas (id_comida, nombre_comida, id_tipo_comida) values (35, 'consectetuer eget', 35);
insert into Comidas (id_comida, nombre_comida, id_tipo_comida) values (36, 'dis', 36);
insert into Comidas (id_comida, nombre_comida, id_tipo_comida) values (37, 'fusce', 37);
insert into Comidas (id_comida, nombre_comida, id_tipo_comida) values (38, 'pede libero', 38);
insert into Comidas (id_comida, nombre_comida, id_tipo_comida) values (39, 'at vulputate', 39);
insert into Comidas (id_comida, nombre_comida, id_tipo_comida) values (40, 'faucibus', 40);
insert into Comidas (id_comida, nombre_comida, id_tipo_comida) values (41, 'tristique fusce', 41);
insert into Comidas (id_comida, nombre_comida, id_tipo_comida) values (42, 'amet diam', 42);
insert into Comidas (id_comida, nombre_comida, id_tipo_comida) values (43, 'vel', 43);
insert into Comidas (id_comida, nombre_comida, id_tipo_comida) values (44, 'pede libero', 44);
insert into Comidas (id_comida, nombre_comida, id_tipo_comida) values (45, 'elementum', 45);
insert into Comidas (id_comida, nombre_comida, id_tipo_comida) values (46, 'pede morbi', 46);
insert into Comidas (id_comida, nombre_comida, id_tipo_comida) values (47, 'maecenas', 47);
insert into Comidas (id_comida, nombre_comida, id_tipo_comida) values (48, 'est donec', 48);
insert into Comidas (id_comida, nombre_comida, id_tipo_comida) values (49, 'donec', 49);
insert into Comidas (id_comida, nombre_comida, id_tipo_comida) values (50, 'lacinia erat', 50);
insert into Comidas (id_comida, nombre_comida, id_tipo_comida) values (51, 'varius', 51);
insert into Comidas (id_comida, nombre_comida, id_tipo_comida) values (52, 'suspendisse potenti', 52);
insert into Comidas (id_comida, nombre_comida, id_tipo_comida) values (53, 'luctus et', 53);
insert into Comidas (id_comida, nombre_comida, id_tipo_comida) values (54, 'ut tellus', 54);
insert into Comidas (id_comida, nombre_comida, id_tipo_comida) values (55, 'urna pretium', 55);
insert into Comidas (id_comida, nombre_comida, id_tipo_comida) values (56, 'vestibulum', 56);
insert into Comidas (id_comida, nombre_comida, id_tipo_comida) values (57, 'viverra', 57);
insert into Comidas (id_comida, nombre_comida, id_tipo_comida) values (58, 'at nibh', 58);
insert into Comidas (id_comida, nombre_comida, id_tipo_comida) values (59, 'sapien varius', 59);
insert into Comidas (id_comida, nombre_comida, id_tipo_comida) values (60, 'dapibus', 60);
insert into Comidas (id_comida, nombre_comida, id_tipo_comida) values (61, 'convallis tortor', 61);
insert into Comidas (id_comida, nombre_comida, id_tipo_comida) values (62, 'odio donec', 62);
insert into Comidas (id_comida, nombre_comida, id_tipo_comida) values (63, 'cubilia', 63);
insert into Comidas (id_comida, nombre_comida, id_tipo_comida) values (64, 'sapien', 64);
insert into Comidas (id_comida, nombre_comida, id_tipo_comida) values (65, 'rhoncus aliquam', 65);
insert into Comidas (id_comida, nombre_comida, id_tipo_comida) values (66, 'dolor', 66);
insert into Comidas (id_comida, nombre_comida, id_tipo_comida) values (67, 'eget semper', 67);
insert into Comidas (id_comida, nombre_comida, id_tipo_comida) values (68, 'eget tincidunt', 68);
insert into Comidas (id_comida, nombre_comida, id_tipo_comida) values (69, 'eu', 69);
insert into Comidas (id_comida, nombre_comida, id_tipo_comida) values (70, 'non mi', 70);
insert into Comidas (id_comida, nombre_comida, id_tipo_comida) values (71, 'in', 71);
insert into Comidas (id_comida, nombre_comida, id_tipo_comida) values (72, 'orci', 72);
insert into Comidas (id_comida, nombre_comida, id_tipo_comida) values (73, 'volutpat in', 73);
insert into Comidas (id_comida, nombre_comida, id_tipo_comida) values (74, 'magna', 74);
insert into Comidas (id_comida, nombre_comida, id_tipo_comida) values (75, 'vitae', 75);
insert into Comidas (id_comida, nombre_comida, id_tipo_comida) values (76, 'mi pede', 76);
insert into Comidas (id_comida, nombre_comida, id_tipo_comida) values (77, 'lobortis', 77);
insert into Comidas (id_comida, nombre_comida, id_tipo_comida) values (78, 'integer tincidunt', 78);
insert into Comidas (id_comida, nombre_comida, id_tipo_comida) values (79, 'sagittis', 79);
insert into Comidas (id_comida, nombre_comida, id_tipo_comida) values (80, 'sit amet', 80);
insert into Comidas (id_comida, nombre_comida, id_tipo_comida) values (81, 'vel sem', 81);
insert into Comidas (id_comida, nombre_comida, id_tipo_comida) values (82, 'mauris', 82);
insert into Comidas (id_comida, nombre_comida, id_tipo_comida) values (83, 'ut dolor', 83);
insert into Comidas (id_comida, nombre_comida, id_tipo_comida) values (84, 'nulla pede', 84);
insert into Comidas (id_comida, nombre_comida, id_tipo_comida) values (85, 'varius', 85);
insert into Comidas (id_comida, nombre_comida, id_tipo_comida) values (86, 'aenean sit', 86);
insert into Comidas (id_comida, nombre_comida, id_tipo_comida) values (87, 'est', 87);
insert into Comidas (id_comida, nombre_comida, id_tipo_comida) values (88, 'vel sem', 88);
insert into Comidas (id_comida, nombre_comida, id_tipo_comida) values (89, 'tempor turpis', 89);
insert into Comidas (id_comida, nombre_comida, id_tipo_comida) values (90, 'lacus morbi', 90);
insert into Comidas (id_comida, nombre_comida, id_tipo_comida) values (91, 'mauris', 91);
insert into Comidas (id_comida, nombre_comida, id_tipo_comida) values (92, 'natoque penatibus', 92);
insert into Comidas (id_comida, nombre_comida, id_tipo_comida) values (93, 'suspendisse', 93);
insert into Comidas (id_comida, nombre_comida, id_tipo_comida) values (94, 'non sodales', 94);
insert into Comidas (id_comida, nombre_comida, id_tipo_comida) values (95, 'mattis', 95);
insert into Comidas (id_comida, nombre_comida, id_tipo_comida) values (96, 'dictumst morbi', 96);
insert into Comidas (id_comida, nombre_comida, id_tipo_comida) values (97, 'nulla suspendisse', 97);
insert into Comidas (id_comida, nombre_comida, id_tipo_comida) values (98, 'aenean', 98);
insert into Comidas (id_comida, nombre_comida, id_tipo_comida) values (99, 'leo', 99);
insert into Comidas (id_comida, nombre_comida, id_tipo_comida) values (100, 'congue etiam', 100);

insert into Usuarios (id_usuario, correo, contrasena) values (1, 'gtacker0@miitbeian.gov.cn', 'uA1|LmE$nu6qm8y');
insert into Usuarios (id_usuario, correo, contrasena) values (2, 'erootham1@goo.gl', 'oY8.O5/Kw3');
insert into Usuarios (id_usuario, correo, contrasena) values (3, 'hfusco2@printfriendly.com', 'kT4%.LcsMV5Twqt');
insert into Usuarios (id_usuario, correo, contrasena) values (4, 'bfelder3@tumblr.com', 'eQ8=XMpSZk!m%q');
insert into Usuarios (id_usuario, correo, contrasena) values (5, 'tbursnoll4@wikispaces.com', 'uH5=<"+f~sgLhJ`m');
insert into Usuarios (id_usuario, correo, contrasena) values (6, 'bhayer5@omniture.com', 'iR1&|ghcns=WhLd');
insert into Usuarios (id_usuario, correo, contrasena) values (7, 'lcausier6@cnn.com', 'uV9''<!d_i');
insert into Usuarios (id_usuario, correo, contrasena) values (8, 'ademangel7@alibaba.com', 'kH5_<9+$~#WxyL5');
insert into Usuarios (id_usuario, correo, contrasena) values (9, 'edeveril8@reverbnation.com', 'gQ1+UuDy');
insert into Usuarios (id_usuario, correo, contrasena) values (10, 'bkraut9@goodreads.com', 'yH9@4!_qxh=j&$#');
insert into Usuarios (id_usuario, correo, contrasena) values (11, 'rcondiea@soup.io', 'oZ0+mLALneC,}Y(h');
insert into Usuarios (id_usuario, correo, contrasena) values (12, 'obournerb@simplemachines.org', 'bK0''WA)XH*');
insert into Usuarios (id_usuario, correo, contrasena) values (13, 'cwoollendsc@geocities.com', 'dL2&uCbME|FV');
insert into Usuarios (id_usuario, correo, contrasena) values (14, 'gideld@google.fr', 'tG8.tDx*}o(');
insert into Usuarios (id_usuario, correo, contrasena) values (15, 'cledingtone@oracle.com', 'dT9/<+)%"3VZn');
insert into Usuarios (id_usuario, correo, contrasena) values (16, 'ocawkerf@ezinearticles.com', 'jR6/s"i7=0P`d');
insert into Usuarios (id_usuario, correo, contrasena) values (17, 'eflorisg@springer.com', 'bP6|@z}UoGL');
insert into Usuarios (id_usuario, correo, contrasena) values (18, 'amorfeyh@goo.ne.jp', 'gK4>UIb+Y+S83CAG');
insert into Usuarios (id_usuario, correo, contrasena) values (19, 'svanichkini@msn.com', 'dV6&&Lb*{s7p*B9');
insert into Usuarios (id_usuario, correo, contrasena) values (20, 'nreiachj@intel.com', 'sY4\NW<kFZUjZX"');
insert into Usuarios (id_usuario, correo, contrasena) values (21, 'sdockwrak@cisco.com', 'kL3`D!L''EBM)');
insert into Usuarios (id_usuario, correo, contrasena) values (22, 'afenkell@ameblo.jp', 'kX4},1UtoL|3(&x');
insert into Usuarios (id_usuario, correo, contrasena) values (23, 'bshearstonem@businesswire.com', 'xG0}!(TBuW(W%J<n');
insert into Usuarios (id_usuario, correo, contrasena) values (24, 'lbellisn@bravesites.com', 'qZ6,<7E+P7XD3');
insert into Usuarios (id_usuario, correo, contrasena) values (25, 'mpardio@edublogs.org', 'uP4/R6\y?`&i8');
insert into Usuarios (id_usuario, correo, contrasena) values (26, 'fmcraveyp@reverbnation.com', 'vA3/6!6MgMxL`FO');
insert into Usuarios (id_usuario, correo, contrasena) values (27, 'lridleyq@simplemachines.org', 'rF1.$t.I,kOg');
insert into Usuarios (id_usuario, correo, contrasena) values (28, 'jpartkyar@elpais.com', 'tX4$\PTG(&q1h%65');
insert into Usuarios (id_usuario, correo, contrasena) values (29, 'ipfaffs@ycombinator.com', 'pI8>)uG_%JO/cY+');
insert into Usuarios (id_usuario, correo, contrasena) values (30, 'gbrazt@1688.com', 'aC2?|ki@=&c%');
insert into Usuarios (id_usuario, correo, contrasena) values (31, 'cblightu@cmu.edu', 'cD1/OJvYTuw/tz');
insert into Usuarios (id_usuario, correo, contrasena) values (32, 'tdevenniev@twitter.com', 'mG3!oO`N''');
insert into Usuarios (id_usuario, correo, contrasena) values (33, 'cvaninw@deviantart.com', 'uW6&oNlLnpQ');
insert into Usuarios (id_usuario, correo, contrasena) values (34, 'dclissellx@slideshare.net', 'jS9|n8`}z');
insert into Usuarios (id_usuario, correo, contrasena) values (35, 'pyouelly@1688.com', 'sC2"Fd$7CDm"');
insert into Usuarios (id_usuario, correo, contrasena) values (36, 'ckennaghz@theatlantic.com', 'lP7*f|d{uRb)Sd');
insert into Usuarios (id_usuario, correo, contrasena) values (37, 'tcowey10@sciencedirect.com', 'lP4{CoE''jy6g57ln');
insert into Usuarios (id_usuario, correo, contrasena) values (38, 'rgladdifh11@xinhuanet.com', 'sV4>Hu,NV|BhO3');
insert into Usuarios (id_usuario, correo, contrasena) values (39, 'caleksich12@npr.org', 'cP4=)ik1Z{QH~{#');
insert into Usuarios (id_usuario, correo, contrasena) values (40, 'scockarill13@biglobe.ne.jp', 'zI3,oB/CGB');
insert into Usuarios (id_usuario, correo, contrasena) values (41, 'hmccullock14@forbes.com', 'dX6(uda0"|Q{x>3');
insert into Usuarios (id_usuario, correo, contrasena) values (42, 'wgee15@i2i.jp', 'jP6*u<R\gpA?X');
insert into Usuarios (id_usuario, correo, contrasena) values (43, 'vhugland16@issuu.com', 'oJ5*gokw>?7jm5K1');
insert into Usuarios (id_usuario, correo, contrasena) values (44, 'evisick17@psu.edu', 'wM8''@2o9G/');
insert into Usuarios (id_usuario, correo, contrasena) values (45, 'mstaries18@time.com', 'kZ8{STK_A2M');
insert into Usuarios (id_usuario, correo, contrasena) values (46, 'sosban19@fastcompany.com', 'iG6?IDm/w7DLj');
insert into Usuarios (id_usuario, correo, contrasena) values (47, 'ptrollope1a@bizjournals.com', 'fF5}ay>I');
insert into Usuarios (id_usuario, correo, contrasena) values (48, 'hcresar1b@spiegel.de', 'qD8*n$+X');
insert into Usuarios (id_usuario, correo, contrasena) values (49, 'fdarch1c@privacy.gov.au', 'cM4{xUdR_Y9$`ax@');
insert into Usuarios (id_usuario, correo, contrasena) values (50, 'ealessandrucci1d@vinaora.com', 'wG7~b{5npb+Wt');
insert into Usuarios (id_usuario, correo, contrasena) values (51, 'mciobutaro1e@blog.com', 'sY0&RN8pCU#/b');
insert into Usuarios (id_usuario, correo, contrasena) values (52, 'mindgs1f@latimes.com', 'pX4''2EbpavbC4wD');
insert into Usuarios (id_usuario, correo, contrasena) values (53, 'dwiltshear1g@walmart.com', 'qJ0+Eh!pM3');
insert into Usuarios (id_usuario, correo, contrasena) values (54, 'kfratson1h@acquirethisname.com', 'rT4.3v_(');
insert into Usuarios (id_usuario, correo, contrasena) values (55, 'lredington1i@nasa.gov', 'rQ1(VT"o\bB$D');
insert into Usuarios (id_usuario, correo, contrasena) values (56, 'hmcgahern1j@hc360.com', 'nO7\~es=y');
insert into Usuarios (id_usuario, correo, contrasena) values (57, 'fdiggin1k@bloomberg.com', 'lC5.ng(6)');
insert into Usuarios (id_usuario, correo, contrasena) values (58, 'twalters1l@ehow.com', 'uB0"OHQhBI');
insert into Usuarios (id_usuario, correo, contrasena) values (59, 'fvenable1m@dailymotion.com', 'hN5{+Eqa=)gJF');
insert into Usuarios (id_usuario, correo, contrasena) values (60, 'cberthelmot1n@nytimes.com', 'sC6(!Ug9T&Qe(V');
insert into Usuarios (id_usuario, correo, contrasena) values (61, 'rvials1o@oracle.com', 'zB7,AUBh8~');
insert into Usuarios (id_usuario, correo, contrasena) values (62, 'jdambrosio1p@nbcnews.com', 'nB2<W?VJEh?+x');
insert into Usuarios (id_usuario, correo, contrasena) values (63, 'mlaugherane1q@apple.com', 'wW6/X\4v6k$');
insert into Usuarios (id_usuario, correo, contrasena) values (64, 'lsavin1r@indiegogo.com', 'pN8?HtfO~xz');
insert into Usuarios (id_usuario, correo, contrasena) values (65, 'lsember1s@amazon.com', 'wS1%RTE\Ab');
insert into Usuarios (id_usuario, correo, contrasena) values (66, 'gjullian1t@addtoany.com', 'wR8\C=P&1JN''mcdk');
insert into Usuarios (id_usuario, correo, contrasena) values (67, 'carnaldo1u@woothemes.com', 'gQ5%.Y{k/s');
insert into Usuarios (id_usuario, correo, contrasena) values (68, 'broycraft1v@instagram.com', 'iF1?T+Qqhj');
insert into Usuarios (id_usuario, correo, contrasena) values (69, 'cburvill1w@cnet.com', 'vB6%9gn4');
insert into Usuarios (id_usuario, correo, contrasena) values (70, 'kpriestley1x@wikipedia.org', 'fO1_1M1d9Ga@>hV');
insert into Usuarios (id_usuario, correo, contrasena) values (71, 'tlantiff1y@free.fr', 'qJ0?bM5couc5QV');
insert into Usuarios (id_usuario, correo, contrasena) values (72, 'hbuxcy1z@tripod.com', 'kH9`X(!lYISpD}A');
insert into Usuarios (id_usuario, correo, contrasena) values (73, 'kmccromley20@networksolutions.com', 'nA5~!!s%/W');
insert into Usuarios (id_usuario, correo, contrasena) values (74, 'serangey21@msu.edu', 'rZ0~st\B+');
insert into Usuarios (id_usuario, correo, contrasena) values (75, 'hpetley22@soundcloud.com', 'rU5($Xbwv\94D');
insert into Usuarios (id_usuario, correo, contrasena) values (76, 'mgurery23@phpbb.com', 'eK7\q&YJzD');
insert into Usuarios (id_usuario, correo, contrasena) values (77, 'qmcilwraith24@photobucket.com', 'jZ9#D.".&');
insert into Usuarios (id_usuario, correo, contrasena) values (78, 'knaismith25@japanpost.jp', 'xY9&j=hq');
insert into Usuarios (id_usuario, correo, contrasena) values (79, 'bbadsworth26@toplist.cz', 'vY8~}nT0VrcLI<u');
insert into Usuarios (id_usuario, correo, contrasena) values (80, 'jaspell27@china.com.cn', 'mQ5!)1L&qx');
insert into Usuarios (id_usuario, correo, contrasena) values (81, 'lreppaport28@nifty.com', 'mC4?o1ww?h{_Ci');
insert into Usuarios (id_usuario, correo, contrasena) values (82, 'akerfut29@artisteer.com', 'aO4*qn/F*qcw');
insert into Usuarios (id_usuario, correo, contrasena) values (83, 'dpidler2a@sfgate.com', 'oS9_%jVpbKgm{Nl');
insert into Usuarios (id_usuario, correo, contrasena) values (84, 'tlyte2b@geocities.jp', 'nH8.Hd51$.hf0G');
insert into Usuarios (id_usuario, correo, contrasena) values (85, 'lmacpherson2c@adobe.com', 'eB9~JcwDcophFSe');
insert into Usuarios (id_usuario, correo, contrasena) values (86, 'fballay2d@simplemachines.org', 'kR5\byu.F7lDPA&');
insert into Usuarios (id_usuario, correo, contrasena) values (87, 'amanon2e@samsung.com', 'aW4@By>j>j4bi,NY');
insert into Usuarios (id_usuario, correo, contrasena) values (88, 'pscutter2f@canalblog.com', 'dF7(s%j*Nt8iWa#');
insert into Usuarios (id_usuario, correo, contrasena) values (89, 'kchupin2g@usda.gov', 'qS0=''7DpHjY8@''S');
insert into Usuarios (id_usuario, correo, contrasena) values (90, 'lpaulou2h@w3.org', 'uS9#FoIy$UV+|C7');
insert into Usuarios (id_usuario, correo, contrasena) values (91, 'blauga2i@youtube.com', 'rY4*t/g!o?<A%K');
insert into Usuarios (id_usuario, correo, contrasena) values (92, 'llampens2j@pen.io', 'wO7~dV$rZw.r');
insert into Usuarios (id_usuario, correo, contrasena) values (93, 'gtyt2k@privacy.gov.au', 'bK2%zW1tL,B');
insert into Usuarios (id_usuario, correo, contrasena) values (94, 'jduddan2l@barnesandnoble.com', 'sD1!=j>ipsSk');
insert into Usuarios (id_usuario, correo, contrasena) values (95, 'bbalassa2m@jalbum.net', 'aS0)(eFk(m&=');
insert into Usuarios (id_usuario, correo, contrasena) values (96, 'dbiggans2n@youtube.com', 'rR0>*CExVc');
insert into Usuarios (id_usuario, correo, contrasena) values (97, 'dbowshire2o@ed.gov', 'qE7!?iD7Q(ZEK@');
insert into Usuarios (id_usuario, correo, contrasena) values (98, 'hmccard2p@mayoclinic.com', 'kN1}fTNH~');
insert into Usuarios (id_usuario, correo, contrasena) values (99, 'akimber2q@ucla.edu', 'pI7/Kz"<(vG');
insert into Usuarios (id_usuario, correo, contrasena) values (100, 'kpocknoll2r@mit.edu', 'yZ3~`OUC)F@6*');


insert into Comida_Cine (id_menu, precio, cantidad_disponible, id_comida, id_cine) values (1, '$1.53', 69, 1, 1);
insert into Comida_Cine (id_menu, precio, cantidad_disponible, id_comida, id_cine) values (2, '$9.92', 23, 2, 2);
insert into Comida_Cine (id_menu, precio, cantidad_disponible, id_comida, id_cine) values (3, '$0.67', 40, 3, 3);
insert into Comida_Cine (id_menu, precio, cantidad_disponible, id_comida, id_cine) values (4, '$5.60', 39, 4, 4);
insert into Comida_Cine (id_menu, precio, cantidad_disponible, id_comida, id_cine) values (5, '$0.90', 25, 5, 5);
insert into Comida_Cine (id_menu, precio, cantidad_disponible, id_comida, id_cine) values (6, '$2.64', 86, 6, 6);
insert into Comida_Cine (id_menu, precio, cantidad_disponible, id_comida, id_cine) values (7, '$5.66', 41, 7, 7);
insert into Comida_Cine (id_menu, precio, cantidad_disponible, id_comida, id_cine) values (8, '$9.40', 12, 8, 8);
insert into Comida_Cine (id_menu, precio, cantidad_disponible, id_comida, id_cine) values (9, '$6.01', 2, 9, 9);
insert into Comida_Cine (id_menu, precio, cantidad_disponible, id_comida, id_cine) values (10, '$1.48', 49, 10, 10);
insert into Comida_Cine (id_menu, precio, cantidad_disponible, id_comida, id_cine) values (11, '$6.46', 46, 11, 11);
insert into Comida_Cine (id_menu, precio, cantidad_disponible, id_comida, id_cine) values (12, '$4.40', 1, 12, 12);
insert into Comida_Cine (id_menu, precio, cantidad_disponible, id_comida, id_cine) values (13, '$0.93', 53, 13, 13);
insert into Comida_Cine (id_menu, precio, cantidad_disponible, id_comida, id_cine) values (14, '$6.25', 9, 14, 14);
insert into Comida_Cine (id_menu, precio, cantidad_disponible, id_comida, id_cine) values (15, '$5.80', 63, 15, 15);
insert into Comida_Cine (id_menu, precio, cantidad_disponible, id_comida, id_cine) values (16, '$6.20', 13, 16, 16);
insert into Comida_Cine (id_menu, precio, cantidad_disponible, id_comida, id_cine) values (17, '$4.77', 57, 17, 17);
insert into Comida_Cine (id_menu, precio, cantidad_disponible, id_comida, id_cine) values (18, '$6.50', 81, 18, 18);
insert into Comida_Cine (id_menu, precio, cantidad_disponible, id_comida, id_cine) values (19, '$2.17', 8, 19, 19);
insert into Comida_Cine (id_menu, precio, cantidad_disponible, id_comida, id_cine) values (20, '$0.86', 41, 20, 20);
insert into Comida_Cine (id_menu, precio, cantidad_disponible, id_comida, id_cine) values (21, '$2.87', 64, 21, 21);
insert into Comida_Cine (id_menu, precio, cantidad_disponible, id_comida, id_cine) values (22, '$0.36', 22, 22, 22);
insert into Comida_Cine (id_menu, precio, cantidad_disponible, id_comida, id_cine) values (23, '$4.45', 100, 23, 23);
insert into Comida_Cine (id_menu, precio, cantidad_disponible, id_comida, id_cine) values (24, '$4.11', 28, 24, 24);
insert into Comida_Cine (id_menu, precio, cantidad_disponible, id_comida, id_cine) values (25, '$5.94', 80, 25, 25);
insert into Comida_Cine (id_menu, precio, cantidad_disponible, id_comida, id_cine) values (26, '$4.64', 53, 26, 26);
insert into Comida_Cine (id_menu, precio, cantidad_disponible, id_comida, id_cine) values (27, '$7.83', 37, 27, 27);
insert into Comida_Cine (id_menu, precio, cantidad_disponible, id_comida, id_cine) values (28, '$3.93', 8, 28, 28);
insert into Comida_Cine (id_menu, precio, cantidad_disponible, id_comida, id_cine) values (29, '$4.95', 88, 29, 29);
insert into Comida_Cine (id_menu, precio, cantidad_disponible, id_comida, id_cine) values (30, '$3.82', 36, 30, 30);
insert into Comida_Cine (id_menu, precio, cantidad_disponible, id_comida, id_cine) values (31, '$7.66', 16, 31, 31);
insert into Comida_Cine (id_menu, precio, cantidad_disponible, id_comida, id_cine) values (32, '$8.93', 96, 32, 32);
insert into Comida_Cine (id_menu, precio, cantidad_disponible, id_comida, id_cine) values (33, '$1.08', 85, 33, 33);
insert into Comida_Cine (id_menu, precio, cantidad_disponible, id_comida, id_cine) values (34, '$9.11', 78, 34, 34);
insert into Comida_Cine (id_menu, precio, cantidad_disponible, id_comida, id_cine) values (35, '$3.96', 43, 35, 35);
insert into Comida_Cine (id_menu, precio, cantidad_disponible, id_comida, id_cine) values (36, '$7.82', 90, 36, 36);
insert into Comida_Cine (id_menu, precio, cantidad_disponible, id_comida, id_cine) values (37, '$2.07', 15, 37, 37);
insert into Comida_Cine (id_menu, precio, cantidad_disponible, id_comida, id_cine) values (38, '$7.19', 69, 38, 38);
insert into Comida_Cine (id_menu, precio, cantidad_disponible, id_comida, id_cine) values (39, '$9.76', 23, 39, 39);
insert into Comida_Cine (id_menu, precio, cantidad_disponible, id_comida, id_cine) values (40, '$6.68', 69, 40, 40);
insert into Comida_Cine (id_menu, precio, cantidad_disponible, id_comida, id_cine) values (41, '$9.54', 48, 41, 41);
insert into Comida_Cine (id_menu, precio, cantidad_disponible, id_comida, id_cine) values (42, '$7.36', 26, 42, 42);
insert into Comida_Cine (id_menu, precio, cantidad_disponible, id_comida, id_cine) values (43, '$8.62', 36, 43, 43);
insert into Comida_Cine (id_menu, precio, cantidad_disponible, id_comida, id_cine) values (44, '$0.50', 54, 44, 44);
insert into Comida_Cine (id_menu, precio, cantidad_disponible, id_comida, id_cine) values (45, '$8.53', 97, 45, 45);
insert into Comida_Cine (id_menu, precio, cantidad_disponible, id_comida, id_cine) values (46, '$9.06', 90, 46, 46);
insert into Comida_Cine (id_menu, precio, cantidad_disponible, id_comida, id_cine) values (47, '$3.13', 35, 47, 47);
insert into Comida_Cine (id_menu, precio, cantidad_disponible, id_comida, id_cine) values (48, '$1.12', 13, 48, 48);
insert into Comida_Cine (id_menu, precio, cantidad_disponible, id_comida, id_cine) values (49, '$6.32', 47, 49, 49);
insert into Comida_Cine (id_menu, precio, cantidad_disponible, id_comida, id_cine) values (50, '$2.50', 22, 50, 50);
insert into Comida_Cine (id_menu, precio, cantidad_disponible, id_comida, id_cine) values (51, '$8.89', 98, 51, 51);
insert into Comida_Cine (id_menu, precio, cantidad_disponible, id_comida, id_cine) values (52, '$2.23', 38, 52, 52);
insert into Comida_Cine (id_menu, precio, cantidad_disponible, id_comida, id_cine) values (53, '$9.06', 65, 53, 53);
insert into Comida_Cine (id_menu, precio, cantidad_disponible, id_comida, id_cine) values (54, '$1.43', 58, 54, 54);
insert into Comida_Cine (id_menu, precio, cantidad_disponible, id_comida, id_cine) values (55, '$0.85', 81, 55, 55);
insert into Comida_Cine (id_menu, precio, cantidad_disponible, id_comida, id_cine) values (56, '$7.62', 7, 56, 56);
insert into Comida_Cine (id_menu, precio, cantidad_disponible, id_comida, id_cine) values (57, '$6.25', 16, 57, 57);
insert into Comida_Cine (id_menu, precio, cantidad_disponible, id_comida, id_cine) values (58, '$9.10', 64, 58, 58);
insert into Comida_Cine (id_menu, precio, cantidad_disponible, id_comida, id_cine) values (59, '$7.64', 9, 59, 59);
insert into Comida_Cine (id_menu, precio, cantidad_disponible, id_comida, id_cine) values (60, '$4.43', 78, 60, 60);
insert into Comida_Cine (id_menu, precio, cantidad_disponible, id_comida, id_cine) values (61, '$2.88', 63, 61, 61);
insert into Comida_Cine (id_menu, precio, cantidad_disponible, id_comida, id_cine) values (62, '$3.60', 84, 62, 62);
insert into Comida_Cine (id_menu, precio, cantidad_disponible, id_comida, id_cine) values (63, '$9.75', 93, 63, 63);
insert into Comida_Cine (id_menu, precio, cantidad_disponible, id_comida, id_cine) values (64, '$9.83', 79, 64, 64);
insert into Comida_Cine (id_menu, precio, cantidad_disponible, id_comida, id_cine) values (65, '$0.21', 56, 65, 65);
insert into Comida_Cine (id_menu, precio, cantidad_disponible, id_comida, id_cine) values (66, '$1.13', 52, 66, 66);
insert into Comida_Cine (id_menu, precio, cantidad_disponible, id_comida, id_cine) values (67, '$8.27', 1, 67, 67);
insert into Comida_Cine (id_menu, precio, cantidad_disponible, id_comida, id_cine) values (68, '$1.48', 4, 68, 68);
insert into Comida_Cine (id_menu, precio, cantidad_disponible, id_comida, id_cine) values (69, '$8.63', 32, 69, 69);
insert into Comida_Cine (id_menu, precio, cantidad_disponible, id_comida, id_cine) values (70, '$4.32', 61, 70, 70);
insert into Comida_Cine (id_menu, precio, cantidad_disponible, id_comida, id_cine) values (71, '$9.74', 54, 71, 71);
insert into Comida_Cine (id_menu, precio, cantidad_disponible, id_comida, id_cine) values (72, '$0.10', 69, 72, 72);
insert into Comida_Cine (id_menu, precio, cantidad_disponible, id_comida, id_cine) values (73, '$2.68', 18, 73, 73);
insert into Comida_Cine (id_menu, precio, cantidad_disponible, id_comida, id_cine) values (74, '$7.74', 59, 74, 74);
insert into Comida_Cine (id_menu, precio, cantidad_disponible, id_comida, id_cine) values (75, '$9.05', 23, 75, 75);
insert into Comida_Cine (id_menu, precio, cantidad_disponible, id_comida, id_cine) values (76, '$0.07', 60, 76, 76);
insert into Comida_Cine (id_menu, precio, cantidad_disponible, id_comida, id_cine) values (77, '$0.93', 46, 77, 77);
insert into Comida_Cine (id_menu, precio, cantidad_disponible, id_comida, id_cine) values (78, '$9.87', 96, 78, 78);
insert into Comida_Cine (id_menu, precio, cantidad_disponible, id_comida, id_cine) values (79, '$5.69', 96, 79, 79);
insert into Comida_Cine (id_menu, precio, cantidad_disponible, id_comida, id_cine) values (80, '$6.60', 40, 80, 80);
insert into Comida_Cine (id_menu, precio, cantidad_disponible, id_comida, id_cine) values (81, '$6.14', 19, 81, 81);
insert into Comida_Cine (id_menu, precio, cantidad_disponible, id_comida, id_cine) values (82, '$8.55', 85, 82, 82);
insert into Comida_Cine (id_menu, precio, cantidad_disponible, id_comida, id_cine) values (83, '$8.36', 27, 83, 83);
insert into Comida_Cine (id_menu, precio, cantidad_disponible, id_comida, id_cine) values (84, '$1.57', 69, 84, 84);
insert into Comida_Cine (id_menu, precio, cantidad_disponible, id_comida, id_cine) values (85, '$8.76', 17, 85, 85);
insert into Comida_Cine (id_menu, precio, cantidad_disponible, id_comida, id_cine) values (86, '$6.12', 24, 86, 86);
insert into Comida_Cine (id_menu, precio, cantidad_disponible, id_comida, id_cine) values (87, '$6.25', 23, 87, 87);
insert into Comida_Cine (id_menu, precio, cantidad_disponible, id_comida, id_cine) values (88, '$5.66', 54, 88, 88);
insert into Comida_Cine (id_menu, precio, cantidad_disponible, id_comida, id_cine) values (89, '$7.20', 7, 89, 89);
insert into Comida_Cine (id_menu, precio, cantidad_disponible, id_comida, id_cine) values (90, '$4.96', 88, 90, 90);
insert into Comida_Cine (id_menu, precio, cantidad_disponible, id_comida, id_cine) values (91, '$0.49', 99, 91, 91);
insert into Comida_Cine (id_menu, precio, cantidad_disponible, id_comida, id_cine) values (92, '$2.62', 100, 92, 92);
insert into Comida_Cine (id_menu, precio, cantidad_disponible, id_comida, id_cine) values (93, '$5.04', 34, 93, 93);
insert into Comida_Cine (id_menu, precio, cantidad_disponible, id_comida, id_cine) values (94, '$0.30', 4, 94, 94);
insert into Comida_Cine (id_menu, precio, cantidad_disponible, id_comida, id_cine) values (95, '$8.69', 49, 95, 95);
insert into Comida_Cine (id_menu, precio, cantidad_disponible, id_comida, id_cine) values (96, '$2.44', 51, 96, 96);
insert into Comida_Cine (id_menu, precio, cantidad_disponible, id_comida, id_cine) values (97, '$3.41', 78, 97, 97);
insert into Comida_Cine (id_menu, precio, cantidad_disponible, id_comida, id_cine) values (98, '$5.59', 33, 98, 98);
insert into Comida_Cine (id_menu, precio, cantidad_disponible, id_comida, id_cine) values (99, '$1.54', 12, 99, 99);
insert into Comida_Cine (id_menu, precio, cantidad_disponible, id_comida, id_cine) values (100, '$6.67', 65, 100, 100);

insert into Horarios (id_horario, fecha, hora, id_pelicula) values (1, '2010-08-04', '9:38 PM', 96);
insert into Horarios (id_horario, fecha, hora, id_pelicula) values (2, '1960-09-07', '8:54 AM', 16);
insert into Horarios (id_horario, fecha, hora, id_pelicula) values (3, '2005-01-28', '6:24 PM', 77);
insert into Horarios (id_horario, fecha, hora, id_pelicula) values (4, '1965-12-11', '7:03 PM', 10);
insert into Horarios (id_horario, fecha, hora, id_pelicula) values (5, '1994-07-01', '4:31 AM', 54);
insert into Horarios (id_horario, fecha, hora, id_pelicula) values (6, '1983-03-26', '3:12 PM', 78);
insert into Horarios (id_horario, fecha, hora, id_pelicula) values (7, '1983-01-17', '7:40 AM', 68);
insert into Horarios (id_horario, fecha, hora, id_pelicula) values (8, '1975-01-08', '7:45 PM', 44);
insert into Horarios (id_horario, fecha, hora, id_pelicula) values (9, '2009-02-10', '5:05 PM', 80);
insert into Horarios (id_horario, fecha, hora, id_pelicula) values (10, '1983-11-15', '9:37 PM', 6);
insert into Horarios (id_horario, fecha, hora, id_pelicula) values (11, '2022-03-13', '11:56 AM', 93);
insert into Horarios (id_horario, fecha, hora, id_pelicula) values (12, '1977-02-24', '8:05 PM', 10);
insert into Horarios (id_horario, fecha, hora, id_pelicula) values (13, '1962-04-08', '8:09 AM', 70);
insert into Horarios (id_horario, fecha, hora, id_pelicula) values (14, '1973-01-05', '1:17 AM', 40);
insert into Horarios (id_horario, fecha, hora, id_pelicula) values (15, '1975-06-10', '5:19 AM', 19);
insert into Horarios (id_horario, fecha, hora, id_pelicula) values (16, '1988-03-12', '12:02 AM', 55);
insert into Horarios (id_horario, fecha, hora, id_pelicula) values (17, '1994-08-07', '2:06 PM', 82);
insert into Horarios (id_horario, fecha, hora, id_pelicula) values (18, '1973-12-26', '11:52 AM', 15);
insert into Horarios (id_horario, fecha, hora, id_pelicula) values (19, '1980-06-11', '1:49 AM', 19);
insert into Horarios (id_horario, fecha, hora, id_pelicula) values (20, '2001-08-29', '3:11 PM', 76);
insert into Horarios (id_horario, fecha, hora, id_pelicula) values (21, '2020-07-18', '1:52 AM', 60);
insert into Horarios (id_horario, fecha, hora, id_pelicula) values (22, '2022-01-19', '10:23 PM', 22);
insert into Horarios (id_horario, fecha, hora, id_pelicula) values (23, '2000-01-13', '4:33 AM', 45);
insert into Horarios (id_horario, fecha, hora, id_pelicula) values (24, '1987-04-06', '2:41 PM', 74);
insert into Horarios (id_horario, fecha, hora, id_pelicula) values (25, '1965-06-20', '10:27 AM', 73);
insert into Horarios (id_horario, fecha, hora, id_pelicula) values (26, '1972-05-27', '3:22 AM', 72);
insert into Horarios (id_horario, fecha, hora, id_pelicula) values (27, '1966-10-13', '9:51 PM', 45);
insert into Horarios (id_horario, fecha, hora, id_pelicula) values (28, '1972-12-03', '1:10 AM', 1);
insert into Horarios (id_horario, fecha, hora, id_pelicula) values (29, '1995-03-26', '12:23 PM', 59);
insert into Horarios (id_horario, fecha, hora, id_pelicula) values (30, '1993-09-26', '4:01 AM', 62);
insert into Horarios (id_horario, fecha, hora, id_pelicula) values (31, '1999-11-21', '1:45 PM', 93);
insert into Horarios (id_horario, fecha, hora, id_pelicula) values (32, '1986-11-10', '7:30 PM', 23);
insert into Horarios (id_horario, fecha, hora, id_pelicula) values (33, '1961-10-24', '10:34 AM', 60);
insert into Horarios (id_horario, fecha, hora, id_pelicula) values (34, '2012-02-17', '2:48 PM', 74);
insert into Horarios (id_horario, fecha, hora, id_pelicula) values (35, '1993-11-20', '8:10 AM', 74);
insert into Horarios (id_horario, fecha, hora, id_pelicula) values (36, '1984-06-20', '6:05 AM', 17);
insert into Horarios (id_horario, fecha, hora, id_pelicula) values (37, '1979-11-19', '1:56 AM', 9);
insert into Horarios (id_horario, fecha, hora, id_pelicula) values (38, '1971-10-26', '2:17 PM', 8);
insert into Horarios (id_horario, fecha, hora, id_pelicula) values (39, '1989-01-12', '10:58 PM', 42);
insert into Horarios (id_horario, fecha, hora, id_pelicula) values (40, '1993-04-26', '12:17 PM', 85);
insert into Horarios (id_horario, fecha, hora, id_pelicula) values (41, '2020-02-11', '4:04 PM', 19);
insert into Horarios (id_horario, fecha, hora, id_pelicula) values (42, '1967-06-02', '5:53 AM', 41);
insert into Horarios (id_horario, fecha, hora, id_pelicula) values (43, '2012-05-23', '9:30 PM', 42);
insert into Horarios (id_horario, fecha, hora, id_pelicula) values (44, '2014-03-10', '8:47 PM', 24);
insert into Horarios (id_horario, fecha, hora, id_pelicula) values (45, '1974-09-30', '10:39 PM', 48);
insert into Horarios (id_horario, fecha, hora, id_pelicula) values (46, '2013-05-19', '9:14 AM', 7);
insert into Horarios (id_horario, fecha, hora, id_pelicula) values (47, '1986-12-08', '12:10 PM', 28);
insert into Horarios (id_horario, fecha, hora, id_pelicula) values (48, '1979-11-11', '10:51 AM', 59);
insert into Horarios (id_horario, fecha, hora, id_pelicula) values (49, '1961-01-09', '10:31 AM', 38);
insert into Horarios (id_horario, fecha, hora, id_pelicula) values (50, '2018-08-02', '6:11 AM', 55);
insert into Horarios (id_horario, fecha, hora, id_pelicula) values (51, '1961-04-09', '9:22 PM', 43);
insert into Horarios (id_horario, fecha, hora, id_pelicula) values (52, '1969-03-09', '4:16 PM', 43);
insert into Horarios (id_horario, fecha, hora, id_pelicula) values (53, '1963-07-26', '6:19 PM', 77);
insert into Horarios (id_horario, fecha, hora, id_pelicula) values (54, '2003-12-10', '4:51 AM', 80);
insert into Horarios (id_horario, fecha, hora, id_pelicula) values (55, '2016-06-06', '6:18 PM', 74);
insert into Horarios (id_horario, fecha, hora, id_pelicula) values (56, '2006-03-10', '9:54 PM', 100);
insert into Horarios (id_horario, fecha, hora, id_pelicula) values (57, '2001-12-16', '8:51 AM', 6);
insert into Horarios (id_horario, fecha, hora, id_pelicula) values (58, '1982-11-17', '12:24 AM', 68);
insert into Horarios (id_horario, fecha, hora, id_pelicula) values (59, '2002-09-15', '5:55 PM', 20);
insert into Horarios (id_horario, fecha, hora, id_pelicula) values (60, '2000-02-03', '6:38 PM', 34);
insert into Horarios (id_horario, fecha, hora, id_pelicula) values (61, '1961-09-26', '8:00 AM', 97);
insert into Horarios (id_horario, fecha, hora, id_pelicula) values (62, '2004-05-17', '10:28 PM', 50);
insert into Horarios (id_horario, fecha, hora, id_pelicula) values (63, '1986-02-19', '12:43 PM', 80);
insert into Horarios (id_horario, fecha, hora, id_pelicula) values (64, '2012-12-05', '11:34 AM', 13);
insert into Horarios (id_horario, fecha, hora, id_pelicula) values (65, '2022-12-02', '8:35 PM', 99);
insert into Horarios (id_horario, fecha, hora, id_pelicula) values (66, '1984-02-06', '1:41 AM', 10);
insert into Horarios (id_horario, fecha, hora, id_pelicula) values (67, '1995-03-01', '1:00 AM', 24);
insert into Horarios (id_horario, fecha, hora, id_pelicula) values (68, '2013-04-21', '3:53 AM', 18);
insert into Horarios (id_horario, fecha, hora, id_pelicula) values (69, '1994-12-30', '2:16 PM', 53);
insert into Horarios (id_horario, fecha, hora, id_pelicula) values (70, '2008-08-11', '12:57 PM', 27);
insert into Horarios (id_horario, fecha, hora, id_pelicula) values (71, '1996-12-29', '1:44 PM', 39);
insert into Horarios (id_horario, fecha, hora, id_pelicula) values (72, '2003-01-21', '7:44 AM', 14);
insert into Horarios (id_horario, fecha, hora, id_pelicula) values (73, '2019-10-05', '2:26 PM', 93);
insert into Horarios (id_horario, fecha, hora, id_pelicula) values (74, '1988-10-21', '1:50 PM', 69);
insert into Horarios (id_horario, fecha, hora, id_pelicula) values (75, '1982-11-16', '2:35 PM', 84);
insert into Horarios (id_horario, fecha, hora, id_pelicula) values (76, '1961-05-23', '7:20 PM', 37);
insert into Horarios (id_horario, fecha, hora, id_pelicula) values (77, '2018-09-08', '2:24 AM', 10);
insert into Horarios (id_horario, fecha, hora, id_pelicula) values (78, '1975-07-18', '1:21 PM', 37);
insert into Horarios (id_horario, fecha, hora, id_pelicula) values (79, '1995-02-09', '2:14 AM', 92);
insert into Horarios (id_horario, fecha, hora, id_pelicula) values (80, '1983-01-21', '5:35 AM', 86);
insert into Horarios (id_horario, fecha, hora, id_pelicula) values (81, '1978-05-29', '9:54 AM', 100);
insert into Horarios (id_horario, fecha, hora, id_pelicula) values (82, '2002-10-12', '7:23 AM', 32);
insert into Horarios (id_horario, fecha, hora, id_pelicula) values (83, '1965-10-15', '10:22 AM', 99);
insert into Horarios (id_horario, fecha, hora, id_pelicula) values (84, '1964-12-04', '11:24 PM', 92);
insert into Horarios (id_horario, fecha, hora, id_pelicula) values (85, '1988-03-06', '4:27 PM', 41);
insert into Horarios (id_horario, fecha, hora, id_pelicula) values (86, '1964-03-06', '6:01 AM', 28);
insert into Horarios (id_horario, fecha, hora, id_pelicula) values (87, '1964-07-23', '10:42 PM', 11);
insert into Horarios (id_horario, fecha, hora, id_pelicula) values (88, '2005-11-21', '10:30 PM', 41);
insert into Horarios (id_horario, fecha, hora, id_pelicula) values (89, '1986-04-13', '8:24 PM', 30);
insert into Horarios (id_horario, fecha, hora, id_pelicula) values (90, '1986-06-30', '6:06 PM', 41);
insert into Horarios (id_horario, fecha, hora, id_pelicula) values (91, '1999-09-17', '5:04 PM', 10);
insert into Horarios (id_horario, fecha, hora, id_pelicula) values (92, '1975-03-27', '7:32 PM', 15);
insert into Horarios (id_horario, fecha, hora, id_pelicula) values (93, '2012-07-05', '1:47 PM', 69);
insert into Horarios (id_horario, fecha, hora, id_pelicula) values (94, '1963-07-17', '12:23 PM', 82);
insert into Horarios (id_horario, fecha, hora, id_pelicula) values (95, '2012-11-10', '6:24 AM', 22);
insert into Horarios (id_horario, fecha, hora, id_pelicula) values (96, '1972-01-28', '11:11 AM', 7);
insert into Horarios (id_horario, fecha, hora, id_pelicula) values (97, '2021-05-31', '5:38 PM', 96);
insert into Horarios (id_horario, fecha, hora, id_pelicula) values (98, '1968-08-19', '12:34 PM', 11);
insert into Horarios (id_horario, fecha, hora, id_pelicula) values (99, '1976-08-14', '9:49 PM', 85);
insert into Horarios (id_horario, fecha, hora, id_pelicula) values (100, '1998-03-19', '4:53 PM', 68);

insert into Funciones (id_funcion, id_horario, id_sala) values (1, 1, 1);
insert into Funciones (id_funcion, id_horario, id_sala) values (2, 2, 2);
insert into Funciones (id_funcion, id_horario, id_sala) values (3, 3, 3);
insert into Funciones (id_funcion, id_horario, id_sala) values (4, 4, 4);
insert into Funciones (id_funcion, id_horario, id_sala) values (5, 5, 5);
insert into Funciones (id_funcion, id_horario, id_sala) values (6, 6, 6);
insert into Funciones (id_funcion, id_horario, id_sala) values (7, 7, 7);
insert into Funciones (id_funcion, id_horario, id_sala) values (8, 8, 8);
insert into Funciones (id_funcion, id_horario, id_sala) values (9, 9, 9);
insert into Funciones (id_funcion, id_horario, id_sala) values (10, 10, 10);
insert into Funciones (id_funcion, id_horario, id_sala) values (11, 11, 11);
insert into Funciones (id_funcion, id_horario, id_sala) values (12, 12, 12);
insert into Funciones (id_funcion, id_horario, id_sala) values (13, 13, 13);
insert into Funciones (id_funcion, id_horario, id_sala) values (14, 14, 14);
insert into Funciones (id_funcion, id_horario, id_sala) values (15, 15, 15);
insert into Funciones (id_funcion, id_horario, id_sala) values (16, 16, 16);
insert into Funciones (id_funcion, id_horario, id_sala) values (17, 17, 17);
insert into Funciones (id_funcion, id_horario, id_sala) values (18, 18, 18);
insert into Funciones (id_funcion, id_horario, id_sala) values (19, 19, 19);
insert into Funciones (id_funcion, id_horario, id_sala) values (20, 20, 20);
insert into Funciones (id_funcion, id_horario, id_sala) values (21, 21, 21);
insert into Funciones (id_funcion, id_horario, id_sala) values (22, 22, 22);
insert into Funciones (id_funcion, id_horario, id_sala) values (23, 23, 23);
insert into Funciones (id_funcion, id_horario, id_sala) values (24, 24, 24);
insert into Funciones (id_funcion, id_horario, id_sala) values (25, 25, 25);
insert into Funciones (id_funcion, id_horario, id_sala) values (26, 26, 26);
insert into Funciones (id_funcion, id_horario, id_sala) values (27, 27, 27);
insert into Funciones (id_funcion, id_horario, id_sala) values (28, 28, 28);
insert into Funciones (id_funcion, id_horario, id_sala) values (29, 29, 29);
insert into Funciones (id_funcion, id_horario, id_sala) values (30, 30, 30);
insert into Funciones (id_funcion, id_horario, id_sala) values (31, 31, 31);
insert into Funciones (id_funcion, id_horario, id_sala) values (32, 32, 32);
insert into Funciones (id_funcion, id_horario, id_sala) values (33, 33, 33);
insert into Funciones (id_funcion, id_horario, id_sala) values (34, 34, 34);
insert into Funciones (id_funcion, id_horario, id_sala) values (35, 35, 35);
insert into Funciones (id_funcion, id_horario, id_sala) values (36, 36, 36);
insert into Funciones (id_funcion, id_horario, id_sala) values (37, 37, 37);
insert into Funciones (id_funcion, id_horario, id_sala) values (38, 38, 38);
insert into Funciones (id_funcion, id_horario, id_sala) values (39, 39, 39);
insert into Funciones (id_funcion, id_horario, id_sala) values (40, 40, 40);
insert into Funciones (id_funcion, id_horario, id_sala) values (41, 41, 41);
insert into Funciones (id_funcion, id_horario, id_sala) values (42, 42, 42);
insert into Funciones (id_funcion, id_horario, id_sala) values (43, 43, 43);
insert into Funciones (id_funcion, id_horario, id_sala) values (44, 44, 44);
insert into Funciones (id_funcion, id_horario, id_sala) values (45, 45, 45);
insert into Funciones (id_funcion, id_horario, id_sala) values (46, 46, 46);
insert into Funciones (id_funcion, id_horario, id_sala) values (47, 47, 47);
insert into Funciones (id_funcion, id_horario, id_sala) values (48, 48, 48);
insert into Funciones (id_funcion, id_horario, id_sala) values (49, 49, 49);
insert into Funciones (id_funcion, id_horario, id_sala) values (50, 50, 50);
insert into Funciones (id_funcion, id_horario, id_sala) values (51, 51, 51);
insert into Funciones (id_funcion, id_horario, id_sala) values (52, 52, 52);
insert into Funciones (id_funcion, id_horario, id_sala) values (53, 53, 53);
insert into Funciones (id_funcion, id_horario, id_sala) values (54, 54, 54);
insert into Funciones (id_funcion, id_horario, id_sala) values (55, 55, 55);
insert into Funciones (id_funcion, id_horario, id_sala) values (56, 56, 56);
insert into Funciones (id_funcion, id_horario, id_sala) values (57, 57, 57);
insert into Funciones (id_funcion, id_horario, id_sala) values (58, 58, 58);
insert into Funciones (id_funcion, id_horario, id_sala) values (59, 59, 59);
insert into Funciones (id_funcion, id_horario, id_sala) values (60, 60, 60);
insert into Funciones (id_funcion, id_horario, id_sala) values (61, 61, 61);
insert into Funciones (id_funcion, id_horario, id_sala) values (62, 62, 62);
insert into Funciones (id_funcion, id_horario, id_sala) values (63, 63, 63);
insert into Funciones (id_funcion, id_horario, id_sala) values (64, 64, 64);
insert into Funciones (id_funcion, id_horario, id_sala) values (65, 65, 65);
insert into Funciones (id_funcion, id_horario, id_sala) values (66, 66, 66);
insert into Funciones (id_funcion, id_horario, id_sala) values (67, 67, 67);
insert into Funciones (id_funcion, id_horario, id_sala) values (68, 68, 68);
insert into Funciones (id_funcion, id_horario, id_sala) values (69, 69, 69);
insert into Funciones (id_funcion, id_horario, id_sala) values (70, 70, 70);
insert into Funciones (id_funcion, id_horario, id_sala) values (71, 71, 71);
insert into Funciones (id_funcion, id_horario, id_sala) values (72, 72, 72);
insert into Funciones (id_funcion, id_horario, id_sala) values (73, 73, 73);
insert into Funciones (id_funcion, id_horario, id_sala) values (74, 74, 74);
insert into Funciones (id_funcion, id_horario, id_sala) values (75, 75, 75);
insert into Funciones (id_funcion, id_horario, id_sala) values (76, 76, 76);
insert into Funciones (id_funcion, id_horario, id_sala) values (77, 77, 77);
insert into Funciones (id_funcion, id_horario, id_sala) values (78, 78, 78);
insert into Funciones (id_funcion, id_horario, id_sala) values (79, 79, 79);
insert into Funciones (id_funcion, id_horario, id_sala) values (80, 80, 80);
insert into Funciones (id_funcion, id_horario, id_sala) values (81, 81, 81);
insert into Funciones (id_funcion, id_horario, id_sala) values (82, 82, 82);
insert into Funciones (id_funcion, id_horario, id_sala) values (83, 83, 83);
insert into Funciones (id_funcion, id_horario, id_sala) values (84, 84, 84);
insert into Funciones (id_funcion, id_horario, id_sala) values (85, 85, 85);
insert into Funciones (id_funcion, id_horario, id_sala) values (86, 86, 86);
insert into Funciones (id_funcion, id_horario, id_sala) values (87, 87, 87);
insert into Funciones (id_funcion, id_horario, id_sala) values (88, 88, 88);
insert into Funciones (id_funcion, id_horario, id_sala) values (89, 89, 89);
insert into Funciones (id_funcion, id_horario, id_sala) values (90, 90, 90);
insert into Funciones (id_funcion, id_horario, id_sala) values (91, 91, 91);
insert into Funciones (id_funcion, id_horario, id_sala) values (92, 92, 92);
insert into Funciones (id_funcion, id_horario, id_sala) values (93, 93, 93);
insert into Funciones (id_funcion, id_horario, id_sala) values (94, 94, 94);
insert into Funciones (id_funcion, id_horario, id_sala) values (95, 95, 95);
insert into Funciones (id_funcion, id_horario, id_sala) values (96, 96, 96);
insert into Funciones (id_funcion, id_horario, id_sala) values (97, 97, 97);
insert into Funciones (id_funcion, id_horario, id_sala) values (98, 98, 98);
insert into Funciones (id_funcion, id_horario, id_sala) values (99, 99, 99);
insert into Funciones (id_funcion, id_horario, id_sala) values (100, 100, 100);

insert into Personas (id_persona, nombre_persona, fecha_nacimiento_persona, id_ubicacion, id_cine, id_cargo, id_usuario) values (1, 'Lyndsey Curragh', '2014-08-30', 49, 1, 46, 9);
insert into Personas (id_persona, nombre_persona, fecha_nacimiento_persona, id_ubicacion, id_cine, id_cargo, id_usuario) values (2, 'Huntington McKerton', '2018-06-10', 54, 99, 65, 47);
insert into Personas (id_persona, nombre_persona, fecha_nacimiento_persona, id_ubicacion, id_cine, id_cargo, id_usuario) values (3, 'Winonah Giabucci', '2007-06-06', 39, 41, 60, 49);
insert into Personas (id_persona, nombre_persona, fecha_nacimiento_persona, id_ubicacion, id_cine, id_cargo, id_usuario) values (4, 'Shoshana Brech', '1982-06-15', 15, 5, 4, 58);
insert into Personas (id_persona, nombre_persona, fecha_nacimiento_persona, id_ubicacion, id_cine, id_cargo, id_usuario) values (5, 'Vicki Vogeler', '1995-10-12', 28, 33, 79, 82);
insert into Personas (id_persona, nombre_persona, fecha_nacimiento_persona, id_ubicacion, id_cine, id_cargo, id_usuario) values (6, 'Chrissy Oseland', '2012-02-20', 19, 64, 78, 68);
insert into Personas (id_persona, nombre_persona, fecha_nacimiento_persona, id_ubicacion, id_cine, id_cargo, id_usuario) values (7, 'Rafe Iacovazzi', '1988-07-31', 93, 37, 29, 50);
insert into Personas (id_persona, nombre_persona, fecha_nacimiento_persona, id_ubicacion, id_cine, id_cargo, id_usuario) values (8, 'Ferd Devitt', '1967-05-21', 47, 72, 91, 30);
insert into Personas (id_persona, nombre_persona, fecha_nacimiento_persona, id_ubicacion, id_cine, id_cargo, id_usuario) values (9, 'Cornelle Itschakov', '1977-04-12', 60, 66, 69, 90);
insert into Personas (id_persona, nombre_persona, fecha_nacimiento_persona, id_ubicacion, id_cine, id_cargo, id_usuario) values (10, 'Toinette Cordelet', '1971-12-22', 9, 12, 49, 5);
insert into Personas (id_persona, nombre_persona, fecha_nacimiento_persona, id_ubicacion, id_cine, id_cargo, id_usuario) values (11, 'Madlin Thomesson', '1996-10-23', 70, 78, 46, 60);
insert into Personas (id_persona, nombre_persona, fecha_nacimiento_persona, id_ubicacion, id_cine, id_cargo, id_usuario) values (12, 'Penny Mildner', '1981-10-31', 100, 34, 61, 11);
insert into Personas (id_persona, nombre_persona, fecha_nacimiento_persona, id_ubicacion, id_cine, id_cargo, id_usuario) values (13, 'Dun Facey', '1988-02-17', 21, 23, 21, 10);
insert into Personas (id_persona, nombre_persona, fecha_nacimiento_persona, id_ubicacion, id_cine, id_cargo, id_usuario) values (14, 'Cindelyn Barriball', '1975-04-04', 93, 55, 100, 38);
insert into Personas (id_persona, nombre_persona, fecha_nacimiento_persona, id_ubicacion, id_cine, id_cargo, id_usuario) values (15, 'Eliza MacClay', '2010-07-17', 16, 42, 46, 92);
insert into Personas (id_persona, nombre_persona, fecha_nacimiento_persona, id_ubicacion, id_cine, id_cargo, id_usuario) values (16, 'Hayes Rose', '2023-02-15', 99, 60, 71, 75);
insert into Personas (id_persona, nombre_persona, fecha_nacimiento_persona, id_ubicacion, id_cine, id_cargo, id_usuario) values (17, 'Ines Pridgeon', '2018-05-28', 6, 93, 5, 81);
insert into Personas (id_persona, nombre_persona, fecha_nacimiento_persona, id_ubicacion, id_cine, id_cargo, id_usuario) values (18, 'Winny Leadstone', '1964-01-12', 96, 83, 20, 80);
insert into Personas (id_persona, nombre_persona, fecha_nacimiento_persona, id_ubicacion, id_cine, id_cargo, id_usuario) values (19, 'Josephina Moralee', '1974-10-27', 52, 6, 82, 35);
insert into Personas (id_persona, nombre_persona, fecha_nacimiento_persona, id_ubicacion, id_cine, id_cargo, id_usuario) values (20, 'Quint Reed', '2024-04-03', 9, 47, 7, 46);
insert into Personas (id_persona, nombre_persona, fecha_nacimiento_persona, id_ubicacion, id_cine, id_cargo, id_usuario) values (21, 'Olva Loachhead', '1991-03-21', 46, 36, 10, 33);
insert into Personas (id_persona, nombre_persona, fecha_nacimiento_persona, id_ubicacion, id_cine, id_cargo, id_usuario) values (22, 'Eirena Allsworth', '1987-03-07', 24, 58, 84, 38);
insert into Personas (id_persona, nombre_persona, fecha_nacimiento_persona, id_ubicacion, id_cine, id_cargo, id_usuario) values (23, 'Doretta Merill', '1989-12-20', 93, 58, 48, 7);
insert into Personas (id_persona, nombre_persona, fecha_nacimiento_persona, id_ubicacion, id_cine, id_cargo, id_usuario) values (24, 'Aubrie Spillard', '1979-08-01', 54, 56, 28, 12);
insert into Personas (id_persona, nombre_persona, fecha_nacimiento_persona, id_ubicacion, id_cine, id_cargo, id_usuario) values (25, 'Weider Sherwell', '2001-01-22', 3, 53, 16, 61);
insert into Personas (id_persona, nombre_persona, fecha_nacimiento_persona, id_ubicacion, id_cine, id_cargo, id_usuario) values (26, 'Gothart Culver', '1983-10-07', 82, 29, 13, 89);
insert into Personas (id_persona, nombre_persona, fecha_nacimiento_persona, id_ubicacion, id_cine, id_cargo, id_usuario) values (27, 'Lionello Galler', '2002-12-17', 98, 68, 56, 19);
insert into Personas (id_persona, nombre_persona, fecha_nacimiento_persona, id_ubicacion, id_cine, id_cargo, id_usuario) values (28, 'Onida Gouly', '2009-06-20', 11, 49, 59, 51);
insert into Personas (id_persona, nombre_persona, fecha_nacimiento_persona, id_ubicacion, id_cine, id_cargo, id_usuario) values (29, 'Danya Kloisner', '2007-04-02', 83, 81, 58, 61);
insert into Personas (id_persona, nombre_persona, fecha_nacimiento_persona, id_ubicacion, id_cine, id_cargo, id_usuario) values (30, 'Newton Elliot', '1988-12-12', 83, 21, 89, 23);
insert into Personas (id_persona, nombre_persona, fecha_nacimiento_persona, id_ubicacion, id_cine, id_cargo, id_usuario) values (31, 'Alexis Marians', '1982-04-13', 36, 43, 76, 13);
insert into Personas (id_persona, nombre_persona, fecha_nacimiento_persona, id_ubicacion, id_cine, id_cargo, id_usuario) values (32, 'Kamillah Cafe', '1995-10-10', 10, 52, 6, 28);
insert into Personas (id_persona, nombre_persona, fecha_nacimiento_persona, id_ubicacion, id_cine, id_cargo, id_usuario) values (33, 'Tammie Scragg', '1987-12-08', 62, 15, 30, 36);
insert into Personas (id_persona, nombre_persona, fecha_nacimiento_persona, id_ubicacion, id_cine, id_cargo, id_usuario) values (34, 'Ettore Rapa', '1995-02-11', 32, 81, 10, 7);
insert into Personas (id_persona, nombre_persona, fecha_nacimiento_persona, id_ubicacion, id_cine, id_cargo, id_usuario) values (35, 'Wallache Truder', '2000-11-25', 34, 4, 64, 33);
insert into Personas (id_persona, nombre_persona, fecha_nacimiento_persona, id_ubicacion, id_cine, id_cargo, id_usuario) values (36, 'Tobias Shingler', '2013-02-03', 30, 18, 49, 77);
insert into Personas (id_persona, nombre_persona, fecha_nacimiento_persona, id_ubicacion, id_cine, id_cargo, id_usuario) values (37, 'Vonny Filippov', '2008-04-30', 56, 76, 3, 38);
insert into Personas (id_persona, nombre_persona, fecha_nacimiento_persona, id_ubicacion, id_cine, id_cargo, id_usuario) values (38, 'Dani Sunderland', '2024-02-08', 12, 23, 65, 29);
insert into Personas (id_persona, nombre_persona, fecha_nacimiento_persona, id_ubicacion, id_cine, id_cargo, id_usuario) values (39, 'Engracia Penquet', '1979-01-07', 22, 49, 28, 69);
insert into Personas (id_persona, nombre_persona, fecha_nacimiento_persona, id_ubicacion, id_cine, id_cargo, id_usuario) values (40, 'Clayborn Coey', '1987-02-03', 1, 70, 72, 80);
insert into Personas (id_persona, nombre_persona, fecha_nacimiento_persona, id_ubicacion, id_cine, id_cargo, id_usuario) values (41, 'Horatia Rumsby', '1968-03-07', 51, 27, 23, 14);
insert into Personas (id_persona, nombre_persona, fecha_nacimiento_persona, id_ubicacion, id_cine, id_cargo, id_usuario) values (42, 'Victoir Orrin', '1970-06-07', 9, 55, 60, 12);
insert into Personas (id_persona, nombre_persona, fecha_nacimiento_persona, id_ubicacion, id_cine, id_cargo, id_usuario) values (43, 'Tamara Jowers', '2005-07-03', 59, 42, 84, 88);
insert into Personas (id_persona, nombre_persona, fecha_nacimiento_persona, id_ubicacion, id_cine, id_cargo, id_usuario) values (44, 'Abagael Jollands', '1994-07-28', 66, 40, 100, 32);
insert into Personas (id_persona, nombre_persona, fecha_nacimiento_persona, id_ubicacion, id_cine, id_cargo, id_usuario) values (45, 'Hillyer Stovold', '1966-11-05', 40, 6, 83, 53);
insert into Personas (id_persona, nombre_persona, fecha_nacimiento_persona, id_ubicacion, id_cine, id_cargo, id_usuario) values (46, 'Karlene Loren', '2003-05-13', 72, 17, 14, 28);
insert into Personas (id_persona, nombre_persona, fecha_nacimiento_persona, id_ubicacion, id_cine, id_cargo, id_usuario) values (47, 'Sheffield Skrine', '1967-02-04', 50, 51, 99, 52);
insert into Personas (id_persona, nombre_persona, fecha_nacimiento_persona, id_ubicacion, id_cine, id_cargo, id_usuario) values (48, 'Ursula Egentan', '1969-09-09', 40, 64, 41, 85);
insert into Personas (id_persona, nombre_persona, fecha_nacimiento_persona, id_ubicacion, id_cine, id_cargo, id_usuario) values (49, 'Ryann Chittock', '2020-11-15', 45, 56, 48, 34);
insert into Personas (id_persona, nombre_persona, fecha_nacimiento_persona, id_ubicacion, id_cine, id_cargo, id_usuario) values (50, 'Gerome Kitchingman', '1979-06-11', 95, 7, 91, 2);
insert into Personas (id_persona, nombre_persona, fecha_nacimiento_persona, id_ubicacion, id_cine, id_cargo, id_usuario) values (51, 'Conn Rickersey', '2008-10-23', 1, 50, 40, 14);
insert into Personas (id_persona, nombre_persona, fecha_nacimiento_persona, id_ubicacion, id_cine, id_cargo, id_usuario) values (52, 'Sioux Murrie', '1998-11-14', 18, 6, 57, 4);
insert into Personas (id_persona, nombre_persona, fecha_nacimiento_persona, id_ubicacion, id_cine, id_cargo, id_usuario) values (53, 'Arlin Culpin', '2004-07-11', 87, 75, 42, 98);
insert into Personas (id_persona, nombre_persona, fecha_nacimiento_persona, id_ubicacion, id_cine, id_cargo, id_usuario) values (54, 'Chas Cash', '1975-12-18', 72, 19, 57, 35);
insert into Personas (id_persona, nombre_persona, fecha_nacimiento_persona, id_ubicacion, id_cine, id_cargo, id_usuario) values (55, 'Elihu Sewart', '2003-04-28', 40, 47, 27, 51);
insert into Personas (id_persona, nombre_persona, fecha_nacimiento_persona, id_ubicacion, id_cine, id_cargo, id_usuario) values (56, 'Reinaldo Olufsen', '1997-04-26', 73, 31, 73, 32);
insert into Personas (id_persona, nombre_persona, fecha_nacimiento_persona, id_ubicacion, id_cine, id_cargo, id_usuario) values (57, 'Brandtr Kornyshev', '2019-01-04', 3, 84, 42, 55);
insert into Personas (id_persona, nombre_persona, fecha_nacimiento_persona, id_ubicacion, id_cine, id_cargo, id_usuario) values (58, 'Wade Senn', '1990-03-30', 54, 19, 4, 7);
insert into Personas (id_persona, nombre_persona, fecha_nacimiento_persona, id_ubicacion, id_cine, id_cargo, id_usuario) values (59, 'Kellyann Scoyne', '1967-08-04', 65, 92, 82, 2);
insert into Personas (id_persona, nombre_persona, fecha_nacimiento_persona, id_ubicacion, id_cine, id_cargo, id_usuario) values (60, 'Lenci Woodard', '2021-10-05', 21, 70, 34, 19);
insert into Personas (id_persona, nombre_persona, fecha_nacimiento_persona, id_ubicacion, id_cine, id_cargo, id_usuario) values (61, 'Chet Fissenden', '1988-07-13', 78, 62, 64, 35);
insert into Personas (id_persona, nombre_persona, fecha_nacimiento_persona, id_ubicacion, id_cine, id_cargo, id_usuario) values (62, 'Nico Sherrett', '1979-08-19', 30, 78, 48, 98);
insert into Personas (id_persona, nombre_persona, fecha_nacimiento_persona, id_ubicacion, id_cine, id_cargo, id_usuario) values (63, 'Schuyler Combe', '1987-08-10', 82, 72, 8, 95);
insert into Personas (id_persona, nombre_persona, fecha_nacimiento_persona, id_ubicacion, id_cine, id_cargo, id_usuario) values (64, 'Tybie Aspole', '2020-04-11', 51, 36, 59, 70);
insert into Personas (id_persona, nombre_persona, fecha_nacimiento_persona, id_ubicacion, id_cine, id_cargo, id_usuario) values (65, 'Gaile Duplain', '1980-07-22', 59, 8, 24, 83);
insert into Personas (id_persona, nombre_persona, fecha_nacimiento_persona, id_ubicacion, id_cine, id_cargo, id_usuario) values (66, 'Brewer Camerati', '1997-11-18', 33, 38, 64, 38);
insert into Personas (id_persona, nombre_persona, fecha_nacimiento_persona, id_ubicacion, id_cine, id_cargo, id_usuario) values (67, 'Shermie Arthars', '1979-01-13', 81, 99, 24, 70);
insert into Personas (id_persona, nombre_persona, fecha_nacimiento_persona, id_ubicacion, id_cine, id_cargo, id_usuario) values (68, 'Alina Say', '1980-10-02', 11, 16, 83, 18);
insert into Personas (id_persona, nombre_persona, fecha_nacimiento_persona, id_ubicacion, id_cine, id_cargo, id_usuario) values (69, 'Dare Purslow', '1992-08-14', 51, 74, 48, 75);
insert into Personas (id_persona, nombre_persona, fecha_nacimiento_persona, id_ubicacion, id_cine, id_cargo, id_usuario) values (70, 'Shermie Bockings', '2010-04-06', 54, 35, 18, 87);
insert into Personas (id_persona, nombre_persona, fecha_nacimiento_persona, id_ubicacion, id_cine, id_cargo, id_usuario) values (71, 'Josefa Gibbings', '1983-02-16', 4, 96, 97, 34);
insert into Personas (id_persona, nombre_persona, fecha_nacimiento_persona, id_ubicacion, id_cine, id_cargo, id_usuario) values (72, 'Charlton Tomaszewicz', '2007-06-11', 26, 6, 21, 14);
insert into Personas (id_persona, nombre_persona, fecha_nacimiento_persona, id_ubicacion, id_cine, id_cargo, id_usuario) values (73, 'Rickie Pagnin', '1996-07-19', 63, 39, 75, 40);
insert into Personas (id_persona, nombre_persona, fecha_nacimiento_persona, id_ubicacion, id_cine, id_cargo, id_usuario) values (74, 'Gordon Puddephatt', '2001-03-06', 11, 19, 3, 89);
insert into Personas (id_persona, nombre_persona, fecha_nacimiento_persona, id_ubicacion, id_cine, id_cargo, id_usuario) values (75, 'Joseph Keslake', '2017-12-05', 7, 86, 34, 22);
insert into Personas (id_persona, nombre_persona, fecha_nacimiento_persona, id_ubicacion, id_cine, id_cargo, id_usuario) values (76, 'Hatty Scranny', '1974-12-23', 57, 96, 80, 52);
insert into Personas (id_persona, nombre_persona, fecha_nacimiento_persona, id_ubicacion, id_cine, id_cargo, id_usuario) values (77, 'Clarita Scruton', '1965-09-18', 16, 66, 7, 98);
insert into Personas (id_persona, nombre_persona, fecha_nacimiento_persona, id_ubicacion, id_cine, id_cargo, id_usuario) values (78, 'Jackson Mandrake', '1974-07-17', 38, 65, 32, 3);
insert into Personas (id_persona, nombre_persona, fecha_nacimiento_persona, id_ubicacion, id_cine, id_cargo, id_usuario) values (79, 'Zorana Musselwhite', '1979-12-14', 92, 72, 21, 100);
insert into Personas (id_persona, nombre_persona, fecha_nacimiento_persona, id_ubicacion, id_cine, id_cargo, id_usuario) values (80, 'Eadie Silversmid', '2015-02-22', 78, 36, 73, 43);
insert into Personas (id_persona, nombre_persona, fecha_nacimiento_persona, id_ubicacion, id_cine, id_cargo, id_usuario) values (81, 'Holly Schulze', '1989-03-12', 15, 85, 10, 100);
insert into Personas (id_persona, nombre_persona, fecha_nacimiento_persona, id_ubicacion, id_cine, id_cargo, id_usuario) values (82, 'Althea Hawkey', '1967-08-18', 66, 92, 52, 62);
insert into Personas (id_persona, nombre_persona, fecha_nacimiento_persona, id_ubicacion, id_cine, id_cargo, id_usuario) values (83, 'Raphaela Trouncer', '1979-10-10', 36, 62, 92, 4);
insert into Personas (id_persona, nombre_persona, fecha_nacimiento_persona, id_ubicacion, id_cine, id_cargo, id_usuario) values (84, 'Abbie Vicker', '1996-04-20', 52, 3, 23, 30);
insert into Personas (id_persona, nombre_persona, fecha_nacimiento_persona, id_ubicacion, id_cine, id_cargo, id_usuario) values (85, 'Bar Oak', '2008-05-17', 43, 29, 44, 30);
insert into Personas (id_persona, nombre_persona, fecha_nacimiento_persona, id_ubicacion, id_cine, id_cargo, id_usuario) values (86, 'Bibby Stentiford', '2024-08-01', 24, 12, 86, 31);
insert into Personas (id_persona, nombre_persona, fecha_nacimiento_persona, id_ubicacion, id_cine, id_cargo, id_usuario) values (87, 'Vincents MacGray', '1984-01-04', 92, 42, 41, 82);
insert into Personas (id_persona, nombre_persona, fecha_nacimiento_persona, id_ubicacion, id_cine, id_cargo, id_usuario) values (88, 'Georgi Evamy', '1990-05-05', 55, 67, 64, 14);
insert into Personas (id_persona, nombre_persona, fecha_nacimiento_persona, id_ubicacion, id_cine, id_cargo, id_usuario) values (89, 'Thomasine Leuty', '2008-09-08', 97, 58, 57, 74);
insert into Personas (id_persona, nombre_persona, fecha_nacimiento_persona, id_ubicacion, id_cine, id_cargo, id_usuario) values (90, 'Courtnay Fuggle', '1972-12-15', 50, 6, 85, 99);
insert into Personas (id_persona, nombre_persona, fecha_nacimiento_persona, id_ubicacion, id_cine, id_cargo, id_usuario) values (91, 'Kain McCathie', '2023-04-06', 26, 29, 22, 65);
insert into Personas (id_persona, nombre_persona, fecha_nacimiento_persona, id_ubicacion, id_cine, id_cargo, id_usuario) values (92, 'Sallyann Davidoff', '1967-05-26', 3, 57, 91, 4);
insert into Personas (id_persona, nombre_persona, fecha_nacimiento_persona, id_ubicacion, id_cine, id_cargo, id_usuario) values (93, 'Minerva McQuaide', '2015-01-20', 86, 42, 64, 77);
insert into Personas (id_persona, nombre_persona, fecha_nacimiento_persona, id_ubicacion, id_cine, id_cargo, id_usuario) values (94, 'Gusty Auton', '2003-12-19', 49, 1, 17, 84);
insert into Personas (id_persona, nombre_persona, fecha_nacimiento_persona, id_ubicacion, id_cine, id_cargo, id_usuario) values (95, 'Perri MacAirt', '1991-12-10', 71, 33, 62, 46);
insert into Personas (id_persona, nombre_persona, fecha_nacimiento_persona, id_ubicacion, id_cine, id_cargo, id_usuario) values (96, 'Andre Gliddon', '2022-11-07', 84, 67, 43, 48);
insert into Personas (id_persona, nombre_persona, fecha_nacimiento_persona, id_ubicacion, id_cine, id_cargo, id_usuario) values (97, 'Brianna Culshew', '1984-05-04', 73, 1, 34, 50);
insert into Personas (id_persona, nombre_persona, fecha_nacimiento_persona, id_ubicacion, id_cine, id_cargo, id_usuario) values (98, 'Tulley Ragate', '1965-02-21', 50, 28, 11, 87);
insert into Personas (id_persona, nombre_persona, fecha_nacimiento_persona, id_ubicacion, id_cine, id_cargo, id_usuario) values (99, 'Malcolm Gammet', '1993-08-02', 47, 38, 24, 58);
insert into Personas (id_persona, nombre_persona, fecha_nacimiento_persona, id_ubicacion, id_cine, id_cargo, id_usuario) values (100, 'Lindsay McNamee', '1981-08-06', 69, 79, 15, 18);


insert into Reservaciones (id_reservacion, id_persona, id_butaca, id_funcion) values (1, 1, 1, 1);
insert into Reservaciones (id_reservacion, id_persona, id_butaca, id_funcion) values (2, 2, 2, 2);
insert into Reservaciones (id_reservacion, id_persona, id_butaca, id_funcion) values (3, 3, 3, 3);
insert into Reservaciones (id_reservacion, id_persona, id_butaca, id_funcion) values (4, 4, 4, 4);
insert into Reservaciones (id_reservacion, id_persona, id_butaca, id_funcion) values (5, 5, 5, 5);
insert into Reservaciones (id_reservacion, id_persona, id_butaca, id_funcion) values (6, 6, 6, 6);
insert into Reservaciones (id_reservacion, id_persona, id_butaca, id_funcion) values (7, 7, 7, 7);
insert into Reservaciones (id_reservacion, id_persona, id_butaca, id_funcion) values (8, 8, 8, 8);
insert into Reservaciones (id_reservacion, id_persona, id_butaca, id_funcion) values (9, 9, 9, 9);
insert into Reservaciones (id_reservacion, id_persona, id_butaca, id_funcion) values (10, 10, 10, 10);
insert into Reservaciones (id_reservacion, id_persona, id_butaca, id_funcion) values (11, 11, 11, 11);
insert into Reservaciones (id_reservacion, id_persona, id_butaca, id_funcion) values (12, 12, 12, 12);
insert into Reservaciones (id_reservacion, id_persona, id_butaca, id_funcion) values (13, 13, 13, 13);
insert into Reservaciones (id_reservacion, id_persona, id_butaca, id_funcion) values (14, 14, 14, 14);
insert into Reservaciones (id_reservacion, id_persona, id_butaca, id_funcion) values (15, 15, 15, 15);
insert into Reservaciones (id_reservacion, id_persona, id_butaca, id_funcion) values (16, 16, 16, 16);
insert into Reservaciones (id_reservacion, id_persona, id_butaca, id_funcion) values (17, 17, 17, 17);
insert into Reservaciones (id_reservacion, id_persona, id_butaca, id_funcion) values (18, 18, 18, 18);
insert into Reservaciones (id_reservacion, id_persona, id_butaca, id_funcion) values (19, 19, 19, 19);
insert into Reservaciones (id_reservacion, id_persona, id_butaca, id_funcion) values (20, 20, 20, 20);
insert into Reservaciones (id_reservacion, id_persona, id_butaca, id_funcion) values (21, 21, 21, 21);
insert into Reservaciones (id_reservacion, id_persona, id_butaca, id_funcion) values (22, 22, 22, 22);
insert into Reservaciones (id_reservacion, id_persona, id_butaca, id_funcion) values (23, 23, 23, 23);
insert into Reservaciones (id_reservacion, id_persona, id_butaca, id_funcion) values (24, 24, 24, 24);
insert into Reservaciones (id_reservacion, id_persona, id_butaca, id_funcion) values (25, 25, 25, 25);
insert into Reservaciones (id_reservacion, id_persona, id_butaca, id_funcion) values (26, 26, 26, 26);
insert into Reservaciones (id_reservacion, id_persona, id_butaca, id_funcion) values (27, 27, 27, 27);
insert into Reservaciones (id_reservacion, id_persona, id_butaca, id_funcion) values (28, 28, 28, 28);
insert into Reservaciones (id_reservacion, id_persona, id_butaca, id_funcion) values (29, 29, 29, 29);
insert into Reservaciones (id_reservacion, id_persona, id_butaca, id_funcion) values (30, 30, 30, 30);
insert into Reservaciones (id_reservacion, id_persona, id_butaca, id_funcion) values (31, 31, 31, 31);
insert into Reservaciones (id_reservacion, id_persona, id_butaca, id_funcion) values (32, 32, 32, 32);
insert into Reservaciones (id_reservacion, id_persona, id_butaca, id_funcion) values (33, 33, 33, 33);
insert into Reservaciones (id_reservacion, id_persona, id_butaca, id_funcion) values (34, 34, 34, 34);
insert into Reservaciones (id_reservacion, id_persona, id_butaca, id_funcion) values (35, 35, 35, 35);
insert into Reservaciones (id_reservacion, id_persona, id_butaca, id_funcion) values (36, 36, 36, 36);
insert into Reservaciones (id_reservacion, id_persona, id_butaca, id_funcion) values (37, 37, 37, 37);
insert into Reservaciones (id_reservacion, id_persona, id_butaca, id_funcion) values (38, 38, 38, 38);
insert into Reservaciones (id_reservacion, id_persona, id_butaca, id_funcion) values (39, 39, 39, 39);
insert into Reservaciones (id_reservacion, id_persona, id_butaca, id_funcion) values (40, 40, 40, 40);
insert into Reservaciones (id_reservacion, id_persona, id_butaca, id_funcion) values (41, 41, 41, 41);
insert into Reservaciones (id_reservacion, id_persona, id_butaca, id_funcion) values (42, 42, 42, 42);
insert into Reservaciones (id_reservacion, id_persona, id_butaca, id_funcion) values (43, 43, 43, 43);
insert into Reservaciones (id_reservacion, id_persona, id_butaca, id_funcion) values (44, 44, 44, 44);
insert into Reservaciones (id_reservacion, id_persona, id_butaca, id_funcion) values (45, 45, 45, 45);
insert into Reservaciones (id_reservacion, id_persona, id_butaca, id_funcion) values (46, 46, 46, 46);
insert into Reservaciones (id_reservacion, id_persona, id_butaca, id_funcion) values (47, 47, 47, 47);
insert into Reservaciones (id_reservacion, id_persona, id_butaca, id_funcion) values (48, 48, 48, 48);
insert into Reservaciones (id_reservacion, id_persona, id_butaca, id_funcion) values (49, 49, 49, 49);
insert into Reservaciones (id_reservacion, id_persona, id_butaca, id_funcion) values (50, 50, 50, 50);
insert into Reservaciones (id_reservacion, id_persona, id_butaca, id_funcion) values (51, 51, 51, 51);
insert into Reservaciones (id_reservacion, id_persona, id_butaca, id_funcion) values (52, 52, 52, 52);
insert into Reservaciones (id_reservacion, id_persona, id_butaca, id_funcion) values (53, 53, 53, 53);
insert into Reservaciones (id_reservacion, id_persona, id_butaca, id_funcion) values (54, 54, 54, 54);
insert into Reservaciones (id_reservacion, id_persona, id_butaca, id_funcion) values (55, 55, 55, 55);
insert into Reservaciones (id_reservacion, id_persona, id_butaca, id_funcion) values (56, 56, 56, 56);
insert into Reservaciones (id_reservacion, id_persona, id_butaca, id_funcion) values (57, 57, 57, 57);
insert into Reservaciones (id_reservacion, id_persona, id_butaca, id_funcion) values (58, 58, 58, 58);
insert into Reservaciones (id_reservacion, id_persona, id_butaca, id_funcion) values (59, 59, 59, 59);
insert into Reservaciones (id_reservacion, id_persona, id_butaca, id_funcion) values (60, 60, 60, 60);
insert into Reservaciones (id_reservacion, id_persona, id_butaca, id_funcion) values (61, 61, 61, 61);
insert into Reservaciones (id_reservacion, id_persona, id_butaca, id_funcion) values (62, 62, 62, 62);
insert into Reservaciones (id_reservacion, id_persona, id_butaca, id_funcion) values (63, 63, 63, 63);
insert into Reservaciones (id_reservacion, id_persona, id_butaca, id_funcion) values (64, 64, 64, 64);
insert into Reservaciones (id_reservacion, id_persona, id_butaca, id_funcion) values (65, 65, 65, 65);
insert into Reservaciones (id_reservacion, id_persona, id_butaca, id_funcion) values (66, 66, 66, 66);
insert into Reservaciones (id_reservacion, id_persona, id_butaca, id_funcion) values (67, 67, 67, 67);
insert into Reservaciones (id_reservacion, id_persona, id_butaca, id_funcion) values (68, 68, 68, 68);
insert into Reservaciones (id_reservacion, id_persona, id_butaca, id_funcion) values (69, 69, 69, 69);
insert into Reservaciones (id_reservacion, id_persona, id_butaca, id_funcion) values (70, 70, 70, 70);
insert into Reservaciones (id_reservacion, id_persona, id_butaca, id_funcion) values (71, 71, 71, 71);
insert into Reservaciones (id_reservacion, id_persona, id_butaca, id_funcion) values (72, 72, 72, 72);
insert into Reservaciones (id_reservacion, id_persona, id_butaca, id_funcion) values (73, 73, 73, 73);
insert into Reservaciones (id_reservacion, id_persona, id_butaca, id_funcion) values (74, 74, 74, 74);
insert into Reservaciones (id_reservacion, id_persona, id_butaca, id_funcion) values (75, 75, 75, 75);
insert into Reservaciones (id_reservacion, id_persona, id_butaca, id_funcion) values (76, 76, 76, 76);
insert into Reservaciones (id_reservacion, id_persona, id_butaca, id_funcion) values (77, 77, 77, 77);
insert into Reservaciones (id_reservacion, id_persona, id_butaca, id_funcion) values (78, 78, 78, 78);
insert into Reservaciones (id_reservacion, id_persona, id_butaca, id_funcion) values (79, 79, 79, 79);
insert into Reservaciones (id_reservacion, id_persona, id_butaca, id_funcion) values (80, 80, 80, 80);
insert into Reservaciones (id_reservacion, id_persona, id_butaca, id_funcion) values (81, 81, 81, 81);
insert into Reservaciones (id_reservacion, id_persona, id_butaca, id_funcion) values (82, 82, 82, 82);
insert into Reservaciones (id_reservacion, id_persona, id_butaca, id_funcion) values (83, 83, 83, 83);
insert into Reservaciones (id_reservacion, id_persona, id_butaca, id_funcion) values (84, 84, 84, 84);
insert into Reservaciones (id_reservacion, id_persona, id_butaca, id_funcion) values (85, 85, 85, 85);
insert into Reservaciones (id_reservacion, id_persona, id_butaca, id_funcion) values (86, 86, 86, 86);
insert into Reservaciones (id_reservacion, id_persona, id_butaca, id_funcion) values (87, 87, 87, 87);
insert into Reservaciones (id_reservacion, id_persona, id_butaca, id_funcion) values (88, 88, 88, 88);
insert into Reservaciones (id_reservacion, id_persona, id_butaca, id_funcion) values (89, 89, 89, 89);
insert into Reservaciones (id_reservacion, id_persona, id_butaca, id_funcion) values (90, 90, 90, 90);
insert into Reservaciones (id_reservacion, id_persona, id_butaca, id_funcion) values (91, 91, 91, 91);
insert into Reservaciones (id_reservacion, id_persona, id_butaca, id_funcion) values (92, 92, 92, 92);
insert into Reservaciones (id_reservacion, id_persona, id_butaca, id_funcion) values (93, 93, 93, 93);
insert into Reservaciones (id_reservacion, id_persona, id_butaca, id_funcion) values (94, 94, 94, 94);
insert into Reservaciones (id_reservacion, id_persona, id_butaca, id_funcion) values (95, 95, 95, 95);
insert into Reservaciones (id_reservacion, id_persona, id_butaca, id_funcion) values (96, 96, 96, 96);
insert into Reservaciones (id_reservacion, id_persona, id_butaca, id_funcion) values (97, 97, 97, 97);
insert into Reservaciones (id_reservacion, id_persona, id_butaca, id_funcion) values (98, 98, 98, 98);
insert into Reservaciones (id_reservacion, id_persona, id_butaca, id_funcion) values (99, 99, 99, 99);
insert into Reservaciones (id_reservacion, id_persona, id_butaca, id_funcion) values (100, 100, 100, 100);


insert into Carteleras_Cines (id_cartelera, id_pelicula, fecha_desde, fecha_hasta, id_cine) values (26, 73, '2024-07-31', '2024-12-23', 15);
insert into Carteleras_Cines (id_cartelera, id_pelicula, fecha_desde, fecha_hasta, id_cine) values (27, 28, '2024-08-24', '2025-06-12', 56);
insert into Carteleras_Cines (id_cartelera, id_pelicula, fecha_desde, fecha_hasta, id_cine) values (74, 75, '2024-03-07', '2024-11-11', 81);
insert into Carteleras_Cines (id_cartelera, id_pelicula, fecha_desde, fecha_hasta, id_cine) values (22, 81, '2024-06-16', '2025-06-29', 27);
insert into Carteleras_Cines (id_cartelera, id_pelicula, fecha_desde, fecha_hasta, id_cine) values (48, 69, '2024-06-20', '2025-07-01', 27);
insert into Carteleras_Cines (id_cartelera, id_pelicula, fecha_desde, fecha_hasta, id_cine) values (76, 51, '2024-06-19', '2025-01-22', 86);
insert into Carteleras_Cines (id_cartelera, id_pelicula, fecha_desde, fecha_hasta, id_cine) values (6, 92, '2023-12-31', '2024-09-18', 19);
insert into Carteleras_Cines (id_cartelera, id_pelicula, fecha_desde, fecha_hasta, id_cine) values (34, 65, '2023-09-28', '2024-11-30', 99);
insert into Carteleras_Cines (id_cartelera, id_pelicula, fecha_desde, fecha_hasta, id_cine) values (25, 80, '2023-10-24', '2025-03-17', 57);
insert into Carteleras_Cines (id_cartelera, id_pelicula, fecha_desde, fecha_hasta, id_cine) values (55, 29, '2024-02-06', '2025-08-12', 65);
insert into Carteleras_Cines (id_cartelera, id_pelicula, fecha_desde, fecha_hasta, id_cine) values (24, 62, '2024-05-30', '2025-02-21', 72);
insert into Carteleras_Cines (id_cartelera, id_pelicula, fecha_desde, fecha_hasta, id_cine) values (38, 41, '2024-07-03', '2025-05-21', 44);
insert into Carteleras_Cines (id_cartelera, id_pelicula, fecha_desde, fecha_hasta, id_cine) values (71, 73, '2024-04-25', '2025-04-20', 69);
insert into Carteleras_Cines (id_cartelera, id_pelicula, fecha_desde, fecha_hasta, id_cine) values (57, 59, '2024-07-09', '2025-07-12', 52);
insert into Carteleras_Cines (id_cartelera, id_pelicula, fecha_desde, fecha_hasta, id_cine) values (2, 51, '2023-11-09', '2025-04-11', 62);
insert into Carteleras_Cines (id_cartelera, id_pelicula, fecha_desde, fecha_hasta, id_cine) values (20, 81, '2024-01-05', '2025-01-20', 21);
insert into Carteleras_Cines (id_cartelera, id_pelicula, fecha_desde, fecha_hasta, id_cine) values (41, 67, '2024-07-25', '2025-04-09', 53);
insert into Carteleras_Cines (id_cartelera, id_pelicula, fecha_desde, fecha_hasta, id_cine) values (83, 32, '2024-01-01', '2025-02-22', 21);
insert into Carteleras_Cines (id_cartelera, id_pelicula, fecha_desde, fecha_hasta, id_cine) values (61, 49, '2024-07-29', '2025-06-23', 40);
insert into Carteleras_Cines (id_cartelera, id_pelicula, fecha_desde, fecha_hasta, id_cine) values (63, 95, '2023-12-01', '2024-10-10', 79);
insert into Carteleras_Cines (id_cartelera, id_pelicula, fecha_desde, fecha_hasta, id_cine) values (94, 21, '2023-10-23', '2025-06-24', 64);
insert into Carteleras_Cines (id_cartelera, id_pelicula, fecha_desde, fecha_hasta, id_cine) values (97, 44, '2024-02-22', '2025-03-09', 68);
insert into Carteleras_Cines (id_cartelera, id_pelicula, fecha_desde, fecha_hasta, id_cine) values (36, 86, '2023-09-29', '2025-01-18', 70);
insert into Carteleras_Cines (id_cartelera, id_pelicula, fecha_desde, fecha_hasta, id_cine) values (13, 39, '2024-07-26', '2024-08-27', 60);
insert into Carteleras_Cines (id_cartelera, id_pelicula, fecha_desde, fecha_hasta, id_cine) values (94, 81, '2023-10-06', '2025-06-10', 6);
insert into Carteleras_Cines (id_cartelera, id_pelicula, fecha_desde, fecha_hasta, id_cine) values (64, 92, '2024-06-02', '2025-06-07', 98);
insert into Carteleras_Cines (id_cartelera, id_pelicula, fecha_desde, fecha_hasta, id_cine) values (39, 75, '2024-06-02', '2025-02-22', 89);
insert into Carteleras_Cines (id_cartelera, id_pelicula, fecha_desde, fecha_hasta, id_cine) values (47, 99, '2023-11-20', '2025-03-31', 33);
insert into Carteleras_Cines (id_cartelera, id_pelicula, fecha_desde, fecha_hasta, id_cine) values (87, 53, '2024-08-12', '2024-12-12', 62);
insert into Carteleras_Cines (id_cartelera, id_pelicula, fecha_desde, fecha_hasta, id_cine) values (65, 55, '2024-03-07', '2025-08-09', 47);
insert into Carteleras_Cines (id_cartelera, id_pelicula, fecha_desde, fecha_hasta, id_cine) values (72, 27, '2024-03-29', '2025-03-26', 72);
insert into Carteleras_Cines (id_cartelera, id_pelicula, fecha_desde, fecha_hasta, id_cine) values (10, 22, '2023-12-09', '2024-10-11', 87);
insert into Carteleras_Cines (id_cartelera, id_pelicula, fecha_desde, fecha_hasta, id_cine) values (79, 69, '2024-02-15', '2025-08-21', 41);
insert into Carteleras_Cines (id_cartelera, id_pelicula, fecha_desde, fecha_hasta, id_cine) values (59, 54, '2024-06-29', '2024-12-28', 67);
insert into Carteleras_Cines (id_cartelera, id_pelicula, fecha_desde, fecha_hasta, id_cine) values (61, 84, '2023-10-13', '2025-07-22', 83);
insert into Carteleras_Cines (id_cartelera, id_pelicula, fecha_desde, fecha_hasta, id_cine) values (38, 84, '2024-04-21', '2024-11-14', 92);
insert into Carteleras_Cines (id_cartelera, id_pelicula, fecha_desde, fecha_hasta, id_cine) values (80, 19, '2024-08-03', '2024-12-05', 70);
insert into Carteleras_Cines (id_cartelera, id_pelicula, fecha_desde, fecha_hasta, id_cine) values (72, 8, '2024-04-14', '2025-06-14', 75);
insert into Carteleras_Cines (id_cartelera, id_pelicula, fecha_desde, fecha_hasta, id_cine) values (66, 67, '2023-10-13', '2025-04-29', 83);
insert into Carteleras_Cines (id_cartelera, id_pelicula, fecha_desde, fecha_hasta, id_cine) values (34, 87, '2023-10-01', '2024-08-27', 31);
insert into Carteleras_Cines (id_cartelera, id_pelicula, fecha_desde, fecha_hasta, id_cine) values (96, 33, '2024-02-23', '2025-06-07', 90);
insert into Carteleras_Cines (id_cartelera, id_pelicula, fecha_desde, fecha_hasta, id_cine) values (56, 91, '2024-07-09', '2025-04-07', 72);
insert into Carteleras_Cines (id_cartelera, id_pelicula, fecha_desde, fecha_hasta, id_cine) values (42, 35, '2024-03-19', '2025-03-25', 9);
insert into Carteleras_Cines (id_cartelera, id_pelicula, fecha_desde, fecha_hasta, id_cine) values (42, 15, '2024-06-02', '2025-05-28', 23);
insert into Carteleras_Cines (id_cartelera, id_pelicula, fecha_desde, fecha_hasta, id_cine) values (23, 26, '2024-02-05', '2025-07-09', 89);
insert into Carteleras_Cines (id_cartelera, id_pelicula, fecha_desde, fecha_hasta, id_cine) values (46, 56, '2024-04-07', '2025-02-27', 92);
insert into Carteleras_Cines (id_cartelera, id_pelicula, fecha_desde, fecha_hasta, id_cine) values (18, 69, '2023-11-07', '2025-04-19', 2);
insert into Carteleras_Cines (id_cartelera, id_pelicula, fecha_desde, fecha_hasta, id_cine) values (11, 53, '2023-09-24', '2025-03-01', 42);
insert into Carteleras_Cines (id_cartelera, id_pelicula, fecha_desde, fecha_hasta, id_cine) values (58, 87, '2024-04-04', '2025-04-12', 7);
insert into Carteleras_Cines (id_cartelera, id_pelicula, fecha_desde, fecha_hasta, id_cine) values (11, 95, '2023-10-29', '2025-07-29', 60);
insert into Carteleras_Cines (id_cartelera, id_pelicula, fecha_desde, fecha_hasta, id_cine) values (51, 39, '2023-12-22', '2025-03-03', 91);
insert into Carteleras_Cines (id_cartelera, id_pelicula, fecha_desde, fecha_hasta, id_cine) values (83, 49, '2023-10-26', '2025-01-04', 97);
insert into Carteleras_Cines (id_cartelera, id_pelicula, fecha_desde, fecha_hasta, id_cine) values (55, 10, '2024-07-05', '2024-08-27', 52);
insert into Carteleras_Cines (id_cartelera, id_pelicula, fecha_desde, fecha_hasta, id_cine) values (95, 34, '2023-11-07', '2025-02-13', 24);
insert into Carteleras_Cines (id_cartelera, id_pelicula, fecha_desde, fecha_hasta, id_cine) values (92, 47, '2024-02-10', '2025-03-26', 47);
insert into Carteleras_Cines (id_cartelera, id_pelicula, fecha_desde, fecha_hasta, id_cine) values (73, 8, '2024-04-28', '2025-02-15', 62);
insert into Carteleras_Cines (id_cartelera, id_pelicula, fecha_desde, fecha_hasta, id_cine) values (70, 29, '2024-03-02', '2024-10-24', 25);
insert into Carteleras_Cines (id_cartelera, id_pelicula, fecha_desde, fecha_hasta, id_cine) values (26, 35, '2024-05-09', '2025-02-08', 96);
insert into Carteleras_Cines (id_cartelera, id_pelicula, fecha_desde, fecha_hasta, id_cine) values (16, 28, '2024-02-23', '2025-03-17', 1);
insert into Carteleras_Cines (id_cartelera, id_pelicula, fecha_desde, fecha_hasta, id_cine) values (8, 33, '2024-04-28', '2025-02-15', 36);
insert into Carteleras_Cines (id_cartelera, id_pelicula, fecha_desde, fecha_hasta, id_cine) values (99, 42, '2024-03-28', '2025-03-29', 1);
insert into Carteleras_Cines (id_cartelera, id_pelicula, fecha_desde, fecha_hasta, id_cine) values (21, 59, '2024-01-09', '2025-07-31', 27);
insert into Carteleras_Cines (id_cartelera, id_pelicula, fecha_desde, fecha_hasta, id_cine) values (24, 26, '2024-01-27', '2025-05-11', 61);
insert into Carteleras_Cines (id_cartelera, id_pelicula, fecha_desde, fecha_hasta, id_cine) values (41, 73, '2024-01-07', '2025-01-05', 76);
insert into Carteleras_Cines (id_cartelera, id_pelicula, fecha_desde, fecha_hasta, id_cine) values (56, 34, '2023-12-27', '2024-09-14', 62);
insert into Carteleras_Cines (id_cartelera, id_pelicula, fecha_desde, fecha_hasta, id_cine) values (14, 50, '2024-01-15', '2024-11-24', 32);
insert into Carteleras_Cines (id_cartelera, id_pelicula, fecha_desde, fecha_hasta, id_cine) values (60, 43, '2024-08-24', '2025-06-19', 42);
insert into Carteleras_Cines (id_cartelera, id_pelicula, fecha_desde, fecha_hasta, id_cine) values (72, 4, '2024-08-02', '2025-01-08', 24);
insert into Carteleras_Cines (id_cartelera, id_pelicula, fecha_desde, fecha_hasta, id_cine) values (18, 33, '2024-05-08', '2024-09-30', 70);
insert into Carteleras_Cines (id_cartelera, id_pelicula, fecha_desde, fecha_hasta, id_cine) values (36, 53, '2023-12-05', '2025-08-09', 48);
insert into Carteleras_Cines (id_cartelera, id_pelicula, fecha_desde, fecha_hasta, id_cine) values (3, 9, '2024-04-24', '2024-12-31', 70);
insert into Carteleras_Cines (id_cartelera, id_pelicula, fecha_desde, fecha_hasta, id_cine) values (62, 85, '2024-01-29', '2025-04-15', 97);
insert into Carteleras_Cines (id_cartelera, id_pelicula, fecha_desde, fecha_hasta, id_cine) values (55, 89, '2023-12-19', '2025-02-24', 70);
insert into Carteleras_Cines (id_cartelera, id_pelicula, fecha_desde, fecha_hasta, id_cine) values (92, 1, '2024-04-13', '2025-02-01', 6);
insert into Carteleras_Cines (id_cartelera, id_pelicula, fecha_desde, fecha_hasta, id_cine) values (23, 1, '2024-07-19', '2025-01-04', 53);
insert into Carteleras_Cines (id_cartelera, id_pelicula, fecha_desde, fecha_hasta, id_cine) values (32, 71, '2024-02-07', '2024-11-21', 45);
insert into Carteleras_Cines (id_cartelera, id_pelicula, fecha_desde, fecha_hasta, id_cine) values (10, 99, '2024-03-20', '2024-09-02', 11);
insert into Carteleras_Cines (id_cartelera, id_pelicula, fecha_desde, fecha_hasta, id_cine) values (13, 77, '2024-08-18', '2025-02-14', 42);
insert into Carteleras_Cines (id_cartelera, id_pelicula, fecha_desde, fecha_hasta, id_cine) values (50, 2, '2023-09-14', '2025-06-18', 74);
insert into Carteleras_Cines (id_cartelera, id_pelicula, fecha_desde, fecha_hasta, id_cine) values (78, 47, '2023-09-20', '2025-04-17', 27);
insert into Carteleras_Cines (id_cartelera, id_pelicula, fecha_desde, fecha_hasta, id_cine) values (77, 38, '2023-11-07', '2025-01-23', 54);
insert into Carteleras_Cines (id_cartelera, id_pelicula, fecha_desde, fecha_hasta, id_cine) values (68, 87, '2024-06-16', '2024-09-06', 93);
insert into Carteleras_Cines (id_cartelera, id_pelicula, fecha_desde, fecha_hasta, id_cine) values (62, 40, '2024-05-25', '2025-04-17', 74);
insert into Carteleras_Cines (id_cartelera, id_pelicula, fecha_desde, fecha_hasta, id_cine) values (11, 81, '2024-06-15', '2025-03-19', 50);
insert into Carteleras_Cines (id_cartelera, id_pelicula, fecha_desde, fecha_hasta, id_cine) values (70, 4, '2024-04-28', '2024-12-24', 5);
insert into Carteleras_Cines (id_cartelera, id_pelicula, fecha_desde, fecha_hasta, id_cine) values (58, 86, '2023-10-12', '2025-06-02', 4);
insert into Carteleras_Cines (id_cartelera, id_pelicula, fecha_desde, fecha_hasta, id_cine) values (33, 89, '2024-05-25', '2024-09-16', 99);
insert into Carteleras_Cines (id_cartelera, id_pelicula, fecha_desde, fecha_hasta, id_cine) values (72, 82, '2024-07-19', '2025-06-12', 94);
insert into Carteleras_Cines (id_cartelera, id_pelicula, fecha_desde, fecha_hasta, id_cine) values (44, 4, '2024-06-14', '2025-07-01', 70);
insert into Carteleras_Cines (id_cartelera, id_pelicula, fecha_desde, fecha_hasta, id_cine) values (61, 35, '2023-09-06', '2025-02-23', 36);
insert into Carteleras_Cines (id_cartelera, id_pelicula, fecha_desde, fecha_hasta, id_cine) values (1, 74, '2024-05-10', '2025-01-20', 12);
insert into Carteleras_Cines (id_cartelera, id_pelicula, fecha_desde, fecha_hasta, id_cine) values (27, 69, '2024-07-20', '2025-08-06', 15);
insert into Carteleras_Cines (id_cartelera, id_pelicula, fecha_desde, fecha_hasta, id_cine) values (43, 86, '2024-06-21', '2024-11-06', 81);
insert into Carteleras_Cines (id_cartelera, id_pelicula, fecha_desde, fecha_hasta, id_cine) values (52, 13, '2024-02-25', '2025-01-03', 84);
insert into Carteleras_Cines (id_cartelera, id_pelicula, fecha_desde, fecha_hasta, id_cine) values (86, 88, '2024-08-22', '2025-01-12', 86);
insert into Carteleras_Cines (id_cartelera, id_pelicula, fecha_desde, fecha_hasta, id_cine) values (7, 34, '2023-10-11', '2025-03-18', 73);
insert into Carteleras_Cines (id_cartelera, id_pelicula, fecha_desde, fecha_hasta, id_cine) values (77, 7, '2024-06-19', '2025-01-23', 58);
insert into Carteleras_Cines (id_cartelera, id_pelicula, fecha_desde, fecha_hasta, id_cine) values (95, 51, '2023-12-17', '2025-07-19', 4);
insert into Carteleras_Cines (id_cartelera, id_pelicula, fecha_desde, fecha_hasta, id_cine) values (32, 80, '2024-01-26', '2024-09-13', 33);
insert into Carteleras_Cines (id_cartelera, id_pelicula, fecha_desde, fecha_hasta, id_cine) values (35, 58, '2024-07-30', '2024-09-07', 52)
